patch_id,tile,lon,lat,dominant_class,complexity,entropy
0,35MRT,848139.9999791873,-214580.00003029776,Built_Up_Area,homogeneous,0.35722475546111265
1,35MRT,845899.9999791873,-216820.00003029776,Built_Up_Area,homogeneous,0.3172118860306941
2,35MQU,750359.9999682134,-186240.00004559453,Built_Up_Area,homogeneous,0.3740082427607354
3,35MRT,845899.9999791873,-219060.00003029776,Built_Up_Area,homogeneous,0.19005343773073224
4,35MRT,841419.9999791873,-212340.00003029776,Built_Up_Area,homogeneous,0.44461732491284645
5,35MQU,792919.9999682134,-166080.00004559453,Built_Up_Area,homogeneous,0.42379047317173063
6,35MQU,750359.9999682134,-184000.00004559453,Built_Up_Area,homogeneous,0.25581117790199526
7,35MRT,850379.9999791873,-221300.0000302978,Built_Up_Area,homogeneous,0.45037773082805493
8,35MRT,841419.9999791873,-216820.00003029776,Built_Up_Area,homogeneous,0.4180662828457701
9,35MRT,843659.9999791873,-219060.00003029776,Built_Up_Area,homogeneous,0.3663404941853388
10,35MRT,839179.9999791873,-219060.00003029776,Built_Up_Area,homogeneous,0.3502957255418694
11,35MRT,843659.9999791873,-223540.0000302978,Built_Up_Area,homogeneous,0.4142545757037954
12,36MTC,879473.0706216183,-199635.10640709675,Built_Up_Area,moderate,0.9801076277709352
13,35MRT,807819.9999791873,-234740.0000302978,Built_Up_Area,moderate,1.1276343393941326
14,35MQT,804119.9999618995,-286260.0000075382,Built_Up_Area,moderate,1.0633171572075488
15,35MRT,868299.9999791873,-212340.00003029776,Built_Up_Area,moderate,1.152093079652335
16,35MQT,806359.9999618995,-232500.0000075382,Built_Up_Area,moderate,1.1421076184199468
17,35MRU,839179.9999978954,-208640.00000391336,Built_Up_Area,moderate,0.9694704862102412
18,35MQU,752599.9999682134,-184000.00004559453,Built_Up_Area,moderate,0.9276889237883393
19,35MRU,819019.9999978954,-177280.00000391336,Built_Up_Area,moderate,1.0566392932698732
20,35MRT,854859.9999791873,-214580.00003029776,Built_Up_Area,moderate,0.9311674804045624
21,35MRT,845899.9999791873,-212340.00003029776,Built_Up_Area,moderate,0.9757049137306946
22,36MTC,874993.0706216183,-251155.10640709678,Built_Up_Area,moderate,1.0905381141360257
23,35MQT,808599.9999618995,-248180.0000075382,Built_Up_Area,moderate,1.064302321180642
24,35MRT,839179.9999791873,-210100.00003029776,Built_Up_Area,moderate,0.7547758278675181
25,35MRT,883979.9999791873,-214580.00003029776,Built_Up_Area,moderate,1.049908519795856
26,35MRT,879499.9999791873,-198900.00003029776,Built_Up_Area,moderate,0.9582714319179367
27,35MRT,848139.9999791873,-210100.00003029776,Built_Up_Area,moderate,0.8001944187830485
28,35MRT,852619.9999791873,-214580.00003029776,Built_Up_Area,moderate,0.9945650567675457
29,35MQU,770519.9999682134,-179520.00004559453,Built_Up_Area,moderate,0.9293487271910905
30,36MTD,870942.7512296876,-144178.61745336925,Built_Up_Area,moderate,0.9435185990587902
31,35MRU,803339.9999978954,-157120.00000391336,Built_Up_Area,moderate,0.9929517055128869
32,35MRT,841419.9999791873,-203380.00003029776,Built_Up_Area,moderate,0.9792888994270843
33,35MRT,859339.9999791873,-216820.00003029776,Built_Up_Area,moderate,1.1383621105724433
34,35MRU,841419.9999978954,-175040.00000391336,Built_Up_Area,moderate,1.0851673668738027
35,35MRT,890699.9999791873,-210100.00003029776,Built_Up_Area,moderate,0.5779006938955863
36,35MRT,845899.9999791873,-214580.00003029776,Built_Up_Area,moderate,0.6295568417394992
37,35MQT,808599.9999618995,-257140.0000075382,Built_Up_Area,moderate,1.1714783856082713
38,35MRT,852619.9999791873,-212340.00003029776,Built_Up_Area,moderate,0.7601281821622343
39,35MRT,841419.9999791873,-232500.0000302978,Built_Up_Area,moderate,0.8725560190373673
40,35MRT,841419.9999791873,-221300.0000302978,Built_Up_Area,moderate,0.8848123548054215
41,35MRT,836939.9999791873,-221300.0000302978,Built_Up_Area,moderate,1.0840908328793712
42,35MRU,836939.9999978954,-208640.00000391336,Built_Up_Area,moderate,1.1015834971413585
43,35MRT,805579.9999791873,-259380.0000302978,Built_Up_Area,moderate,1.1362129471854414
44,35MRT,843659.9999791873,-207860.00003029776,Built_Up_Area,moderate,0.9037207532738732
45,35MQU,804119.9999682134,-157120.00004559453,Built_Up_Area,moderate,0.9605834474363941
46,35MQT,806359.9999618995,-230260.0000075382,Built_Up_Area,moderate,1.030126216277144
47,35MRT,845899.9999791873,-207860.00003029776,Built_Up_Area,moderate,0.8568195344698416
48,35MRT,857099.9999791873,-214580.00003029776,Built_Up_Area,moderate,0.7570027083379604
49,35MRT,843659.9999791873,-205620.00003029776,Built_Up_Area,moderate,1.1580459209834633
50,35MRT,834699.9999791873,-205620.00003029776,Built_Up_Area,moderate,1.0969494275194105
51,35MRT,852619.9999791873,-219060.00003029776,Built_Up_Area,moderate,0.8937119096500877
52,35MRT,839179.9999791873,-216820.00003029776,Built_Up_Area,moderate,0.6170609237365525
53,35MRU,810059.9999978954,-181760.00000391336,Built_Up_Area,moderate,1.0024738782522833
54,35MRT,852619.9999791873,-236980.0000302978,Built_Up_Area,moderate,0.9964956852560349
55,35MRT,823499.9999791873,-221300.0000302978,Built_Up_Area,moderate,1.0848639655517893
56,35MRT,843659.9999791873,-221300.0000302978,Built_Up_Area,moderate,0.6466584884878286
57,35MRT,843659.9999791873,-225780.0000302978,Built_Up_Area,moderate,0.604784727524119
58,35MRT,854859.9999791873,-223540.0000302978,Built_Up_Area,moderate,0.9247093248977967
59,35MRT,805579.9999791873,-292980.0000302978,Built_Up_Area,moderate,1.067785431276375
60,36MTD,879902.7512296877,-135218.61745336925,Built_Up_Area,moderate,0.9223104702144326
61,35MRT,810059.9999791873,-250420.0000302978,Built_Up_Area,moderate,1.0453654293012282
62,35MRT,866059.9999791873,-210100.00003029776,Built_Up_Area,moderate,1.1832626938256152
63,35MRT,843659.9999791873,-239220.0000302978,Built_Up_Area,moderate,0.9820331515863737
64,35MRT,845899.9999791873,-221300.0000302978,Built_Up_Area,moderate,0.8067724612674281
65,35MRT,832459.9999791873,-219060.00003029776,Built_Up_Area,moderate,1.1638473355843941
66,35MRT,836939.9999791873,-216820.00003029776,Built_Up_Area,moderate,0.8815797093567682
67,35MRT,839179.9999791873,-212340.00003029776,Built_Up_Area,moderate,0.8946379109674436
68,36MTC,881713.0706216183,-217555.10640709675,Built_Up_Area,moderate,0.8548129370943942
69,35MRT,843659.9999791873,-210100.00003029776,Built_Up_Area,moderate,1.111230866126365
70,35MQU,795159.9999682134,-166080.00004559453,Built_Up_Area,moderate,1.1086088745767337
71,35MQU,752599.9999682134,-186240.00004559453,Built_Up_Area,moderate,1.164346461553418
72,35MRT,807819.9999791873,-232500.0000302978,Built_Up_Area,moderate,1.1781091236889667
73,35MRU,803339.9999978954,-154880.00000391336,Built_Up_Area,moderate,0.9804730311512906
74,35MRU,836939.9999978954,-206400.00000391336,Built_Up_Area,moderate,1.0492153712353032
75,35MQT,806359.9999618995,-292980.0000075382,Built_Up_Area,moderate,1.1353630058400883
76,35MRT,845899.9999791873,-241460.0000302978,Built_Up_Area,moderate,0.9076185561742517
77,35MQU,766039.9999682134,-181760.00004559453,Built_Up_Area,moderate,1.1991052788281342
78,35MRT,854859.9999791873,-216820.00003029776,Built_Up_Area,moderate,0.845442276592887
79,35MRT,810059.9999791873,-263860.0000302978,Built_Up_Area,moderate,1.1053694633502382
80,35MRT,823499.9999791873,-212340.00003029776,Built_Up_Area,moderate,1.1166077141463158
81,35MQT,761559.9999618995,-230260.0000075382,Built_Up_Area,moderate,1.0411702014828301
82,35MRT,805579.9999791873,-290740.0000302978,Built_Up_Area,moderate,0.878775781723812
83,35MRT,843659.9999791873,-216820.00003029776,Built_Up_Area,moderate,0.7483216975261755
84,35MRT,850379.9999791873,-219060.00003029776,Built_Up_Area,moderate,0.739565181717126
85,35MRU,807819.9999978954,-150400.00000391336,Built_Up_Area,moderate,0.9675553867157116
86,35MRT,807819.9999791873,-248180.0000302978,Built_Up_Area,moderate,1.1989793183000406
87,35MRT,850379.9999791873,-212340.00003029776,Built_Up_Area,moderate,0.591062070685666
88,35MRU,816779.9999978954,-201920.00000391336,Built_Up_Area,moderate,1.041899964942528
89,35MRT,848139.9999791873,-212340.00003029776,Built_Up_Area,moderate,1.0915280572932637
90,35MQU,777239.9999682134,-175040.00004559453,Built_Up_Area,moderate,0.9908776096038302
91,35MQT,806359.9999618995,-286260.0000075382,Built_Up_Area,moderate,1.1616043951163038
92,35MQU,788439.9999682134,-166080.00004559453,Built_Up_Area,moderate,1.11210144887353
93,35MQU,761559.9999682134,-186240.00004559453,Built_Up_Area,moderate,1.1917261402886892
94,35MQU,801879.9999682134,-152640.00004559453,Built_Up_Area,moderate,1.0847356919660158
95,36MTD,879902.7512296877,-197938.61745336922,Built_Up_Area,moderate,1.0790647070109232
96,35MRT,843659.9999791873,-214580.00003029776,Built_Up_Area,moderate,0.979768245969158
97,35MRT,854859.9999791873,-212340.00003029776,Built_Up_Area,moderate,1.0310813968322121
98,35MQU,806359.9999682134,-152640.00004559453,Built_Up_Area,moderate,0.8746781048161645
99,35MRT,848139.9999791873,-223540.0000302978,Built_Up_Area,moderate,1.008650067219439
100,35MRU,801099.9999978954,-159360.00000391336,Built_Up_Area,moderate,0.9715302892560301
101,35MRT,830219.9999791873,-219060.00003029776,Built_Up_Area,moderate,1.107863879703543
102,35MQU,801879.9999682134,-154880.00004559453,Built_Up_Area,moderate,1.045857716837394
103,35MRT,839179.9999791873,-207860.00003029776,Built_Up_Area,moderate,1.0735259389662322
104,35MRT,850379.9999791873,-216820.00003029776,Built_Up_Area,moderate,1.0100119272213763
105,35MRT,830219.9999791873,-214580.00003029776,Built_Up_Area,moderate,1.0577732050897442
106,35MRT,848139.9999791873,-216820.00003029776,Built_Up_Area,moderate,0.680790780497359
107,35MQU,754839.9999682134,-186240.00004559453,Built_Up_Area,moderate,0.9432111303494863
108,35MRU,890699.9999978954,-208640.00000391336,Built_Up_Area,moderate,1.0511428131309037
109,35MRT,877259.9999791873,-216820.00003029776,Built_Up_Area,moderate,0.9262709045457127
110,35MRT,857099.9999791873,-216820.00003029776,Built_Up_Area,moderate,0.9153373564096157
111,35MQS,723479.9999815882,-298920.00004478084,Built_Up_Area,moderate,0.9306241749318176
112,35MQT,723479.9999618995,-297460.0000075382,Built_Up_Area,moderate,1.1372816142870041
113,35MRT,830219.9999791873,-216820.00003029776,Built_Up_Area,moderate,0.952316582106308
114,35MQU,804119.9999682134,-154880.00004559453,Built_Up_Area,moderate,0.9901142413780843
115,35MRT,841419.9999791873,-234740.0000302978,Built_Up_Area,moderate,0.8197696897688679
116,35MRT,843659.9999791873,-230260.0000302978,Built_Up_Area,moderate,1.0183480709119737
117,35MRT,850379.9999791873,-243700.0000302978,Built_Up_Area,moderate,0.7356876521171538
118,35MRT,861579.9999791873,-219060.00003029776,Built_Up_Area,moderate,0.5833502842634466
119,35MRT,839179.9999791873,-254900.0000302978,Built_Up_Area,moderate,0.9871515722279562
120,35MRT,836939.9999791873,-219060.00003029776,Built_Up_Area,moderate,1.0628650460620592
121,35MRT,859339.9999791873,-219060.00003029776,Built_Up_Area,moderate,0.8484560931070695
122,35MRT,854859.9999791873,-219060.00003029776,Built_Up_Area,moderate,0.9352019321223126
123,35MRT,839179.9999791873,-205620.00003029776,Built_Up_Area,moderate,1.0047230678955648
124,35MQU,790679.9999682134,-166080.00004559453,Built_Up_Area,moderate,0.860372900220824
125,35MRT,895179.9999791873,-236980.0000302978,Built_Up_Area,moderate,1.0906516137279305
126,35MRT,805579.9999791873,-232500.0000302978,Built_Up_Area,moderate,1.1964540875256062
127,35MQT,810839.9999618995,-250420.0000075382,Built_Up_Area,moderate,1.047029789907942
128,36MTC,881713.0706216183,-215315.10640709675,Built_Up_Area,moderate,1.1067582053017866
129,35MRU,803339.9999978954,-159360.00000391336,Built_Up_Area,moderate,0.9852666780468182
130,35MQU,781719.9999682134,-175040.00004559453,Built_Up_Area,moderate,1.1107472550802544
131,35MQT,806359.9999618995,-290740.0000075382,Built_Up_Area,moderate,1.003495596797402
132,36MTC,908593.0706216183,-251155.10640709678,Built_Up_Area,moderate,1.1450621174596585
133,35MRT,890699.9999791873,-214580.00003029776,Built_Up_Area,moderate,0.9458890847871034
134,35MQT,768279.9999618995,-228020.0000075382,Built_Up_Area,moderate,0.9226368990938466
135,35MQU,757079.9999682134,-188480.00004559453,Built_Up_Area,moderate,1.013701831506648
136,35MRT,850379.9999791873,-214580.00003029776,Built_Up_Area,moderate,0.6425614207758086
137,36MTC,883953.0706216183,-215315.10640709675,Built_Up_Area,moderate,1.0782279981093574
138,36MTC,888433.0706216183,-210835.10640709675,Built_Up_Area,moderate,0.9191985889392892
139,35MRT,857099.9999791873,-221300.0000302978,Built_Up_Area,moderate,0.6781722277288854
140,35MQT,736919.9999618995,-257140.0000075382,Built_Up_Area,moderate,1.1973068540239453
141,35MRT,845899.9999791873,-225780.0000302978,Built_Up_Area,moderate,0.6937163664646971
142,35MQU,779479.9999682134,-177280.00004559453,Built_Up_Area,moderate,0.986771991105349
143,35MRT,861579.9999791873,-221300.0000302978,Built_Up_Area,moderate,1.0274295224650296
144,35MRT,805579.9999791873,-230260.0000302978,Built_Up_Area,moderate,0.9314943369881219
145,35MRT,845899.9999791873,-205620.00003029776,Built_Up_Area,moderate,1.1514405205910185
146,35MRU,845899.9999978954,-206400.00000391336,Built_Up_Area,moderate,1.0810088305714551
147,35MRT,879499.9999791873,-214580.00003029776,Built_Up_Area,moderate,1.1869569158763735
148,35MRT,810059.9999791873,-248180.0000302978,Built_Up_Area,moderate,0.8967949942225092
149,35MRT,881739.9999791873,-216820.00003029776,Built_Up_Area,moderate,0.6036523144233847
150,35MRT,807819.9999791873,-259380.0000302978,Built_Up_Area,moderate,1.1261190033148858
151,35MQU,804119.9999682134,-159360.00004559453,Built_Up_Area,moderate,1.0734717053240919
152,35MRT,854859.9999791873,-245940.0000302978,Built_Up_Area,moderate,1.0464017891317732
153,35MQU,801879.9999682134,-157120.00004559453,Built_Up_Area,moderate,0.9747362553136723
154,35MRT,845899.9999791873,-223540.0000302978,Built_Up_Area,moderate,0.7242741825452248
155,35MQT,810839.9999618995,-248180.0000075382,Built_Up_Area,moderate,0.8718064896113801
156,35MRT,872779.9999791873,-216820.00003029776,Built_Up_Area,moderate,1.0594495714647958
157,35MRT,863819.9999791873,-210100.00003029776,Built_Up_Area,moderate,1.1493118743645532
158,35MRT,834699.9999791873,-219060.00003029776,Built_Up_Area,moderate,1.0674501266197396
159,35MQU,801879.9999682134,-159360.00004559453,Built_Up_Area,moderate,0.9702004744491688
160,35MRU,807819.9999978954,-152640.00000391336,Built_Up_Area,moderate,1.0449767909178131
161,35MQU,804119.9999682134,-152640.00004559453,Built_Up_Area,moderate,0.9765523708653459
162,35MRT,839179.9999791873,-214580.00003029776,Built_Up_Area,moderate,0.980190036259178
163,35MRU,805579.9999978954,-154880.00000391336,Built_Up_Area,moderate,0.979859538396699
164,35MQU,801879.9999682134,-150400.00004559453,Built_Up_Area,moderate,1.0850801325115844
165,35MRT,852619.9999791873,-216820.00003029776,Built_Up_Area,moderate,0.9959881731727332
166,35MRU,845899.9999978954,-208640.00000391336,Built_Up_Area,moderate,0.9517229298514747
167,35MQT,725719.9999618995,-263860.0000075382,Built_Up_Area,moderate,1.0549488799378683
168,35MRT,841419.9999791873,-219060.00003029776,Built_Up_Area,moderate,0.5998503958544237
169,35MQU,810839.9999682134,-181760.00004559453,Built_Up_Area,moderate,1.0669530974791155
170,35MRT,848139.9999791873,-221300.0000302978,Built_Up_Area,moderate,1.1563668033179229
171,35MRU,845899.9999978954,-204160.00000391336,Built_Up_Area,moderate,1.1160047056637712
172,35MRT,883979.9999791873,-216820.00003029776,Built_Up_Area,moderate,1.1797459301640476
173,36MTC,868273.0706216183,-230995.10640709678,Built_Up_Area,moderate,0.8199213154327951
174,35MQU,804119.9999682134,-148160.00004559453,Built_Up_Area,moderate,0.9308616821944201
175,35MRT,859339.9999791873,-214580.00003029776,Built_Up_Area,moderate,1.03202609567908
176,35MRT,832459.9999791873,-216820.00003029776,Built_Up_Area,moderate,1.0329124801960867
177,35MQU,783959.9999682134,-172800.00004559453,Built_Up_Area,moderate,1.0552318824767817
178,35MQT,768279.9999618995,-225780.0000075382,Built_Up_Area,moderate,0.9818014047374684
179,35MRT,843659.9999791873,-236980.0000302978,Built_Up_Area,moderate,0.5093814560956793
180,35MRT,839179.9999791873,-225780.0000302978,Built_Up_Area,moderate,0.899956258692302
181,35MRT,836939.9999791873,-223540.0000302978,Built_Up_Area,moderate,1.1362737054159648
182,35MRU,841419.9999978954,-204160.00000391336,Built_Up_Area,moderate,1.1685128346367522
183,35MRU,848139.9999978954,-208640.00000391336,Built_Up_Area,moderate,1.0836161313941377
184,35MRT,836939.9999791873,-205620.00003029776,Built_Up_Area,moderate,1.0155046087392254
185,35MQT,804119.9999618995,-288500.0000075382,Built_Up_Area,moderate,1.0538533274652415
186,35MQT,806359.9999618995,-281780.0000075382,Built_Up_Area,moderate,1.0145441861038245
187,35MRT,805579.9999791873,-261620.0000302978,Built_Up_Area,moderate,1.1979843310399003
188,35MRU,834699.9999978954,-206400.00000391336,Built_Up_Area,moderate,1.1391443040126614
189,35MRT,848139.9999791873,-230260.0000302978,Built_Up_Area,moderate,0.7321520769656426
190,35MQT,808599.9999618995,-259380.0000075382,Built_Up_Area,moderate,1.019797175692856
191,35MRT,861579.9999791873,-216820.00003029776,Built_Up_Area,moderate,1.1040409852874538
192,35MRT,810059.9999791873,-230260.0000302978,Built_Up_Area,moderate,1.0785468053983913
193,35MRU,839179.9999978954,-206400.00000391336,Built_Up_Area,moderate,0.9394599485860757
194,35MRT,848139.9999791873,-219060.00003029776,Built_Up_Area,moderate,0.9048375680733913
195,36MTC,890673.0706216183,-208595.10640709675,Built_Up_Area,moderate,1.0725260140319295
196,35MRU,879499.9999978954,-199680.00000391336,Built_Up_Area,moderate,0.9923361637429582
197,35MRT,807819.9999791873,-284020.0000302978,Built_Up_Area,moderate,1.1633500885007444
198,35MRT,803339.9999791873,-286260.0000302978,Built_Up_Area,moderate,1.1760768261579098
199,35MRT,841419.9999791873,-207860.00003029776,Built_Up_Area,moderate,0.8825421810852645
200,35MQU,806359.9999682134,-154880.00004559453,Built_Up_Area,moderate,1.044228205789368
201,35MRT,879499.9999791873,-210100.00003029776,Built_Up_Area,moderate,1.0760704606993994
202,35MRU,841419.9999978954,-206400.00000391336,Built_Up_Area,moderate,1.0551945830415683
203,35MRU,803339.9999978954,-148160.00000391336,Built_Up_Area,moderate,1.0029060666518435
204,36MTD,879902.7512296877,-209138.61745336922,Built_Up_Area,moderate,1.0199309847206057
205,36MTC,877233.0706216183,-213075.10640709675,Built_Up_Area,moderate,0.9681871531114669
206,35MRT,868299.9999791873,-230260.0000302978,Built_Up_Area,moderate,0.8217237803080255
207,35MRT,805579.9999791873,-286260.0000302978,Built_Up_Area,moderate,0.9952916828470801
208,35MQU,804119.9999682134,-150400.00004559453,Built_Up_Area,moderate,0.9747295739247197
209,35MRT,836939.9999791873,-207860.00003029776,Built_Up_Area,moderate,1.1129817124297208
210,35MQT,808599.9999618995,-230260.0000075382,Built_Up_Area,moderate,1.0822930795794157
211,35MRT,805579.9999791873,-288500.0000302978,Built_Up_Area,moderate,1.1825491821132894
212,35MRT,859339.9999791873,-221300.0000302978,Built_Up_Area,moderate,1.0290087480624919
213,36MTC,890673.0706216183,-210835.10640709675,Built_Up_Area,moderate,0.5766519454559037
214,35MRU,803339.9999978954,-152640.00000391336,Built_Up_Area,moderate,0.9663751844716061
215,35MRU,805579.9999978954,-152640.00000391336,Built_Up_Area,moderate,0.9131261513576174
216,35MRT,845899.9999791873,-203380.00003029776,Built_Up_Area,moderate,1.07863971472682
217,35MQU,792919.9999682134,-163840.00004559453,Built_Up_Area,moderate,1.034483124156424
218,35MRT,857099.9999791873,-219060.00003029776,Built_Up_Area,moderate,0.9520388783590117
219,36MTC,877233.0706216183,-215315.10640709675,Built_Up_Area,moderate,1.1159667714309398
220,35MQT,712279.9999618995,-275060.0000075382,Built_Up_Area,moderate,1.0491624113564795
221,35MQU,808599.9999682134,-150400.00004559453,Built_Up_Area,moderate,0.9692057119686497
222,35MRT,854859.9999791873,-243700.0000302978,Built_Up_Area,moderate,0.73491679065714
223,35MRT,848139.9999791873,-243700.0000302978,Built_Up_Area,moderate,0.729004859941132
224,35MRT,854859.9999791873,-221300.0000302978,Built_Up_Area,moderate,0.9152064463589226
225,35MRT,841419.9999791873,-223540.0000302978,Built_Up_Area,moderate,0.9973038326508901
226,35MRT,841419.9999791873,-236980.0000302978,Built_Up_Area,moderate,0.9314954988847782
227,35MRT,843659.9999791873,-212340.00003029776,Built_Up_Area,moderate,0.8137873479810926
228,35MRT,836939.9999791873,-210100.00003029776,Built_Up_Area,moderate,1.0239835849911723
229,35MRU,841419.9999978954,-208640.00000391336,Built_Up_Area,moderate,0.8637568527067481
230,35MRT,823499.9999791873,-214580.00003029776,Built_Up_Area,moderate,1.0194565998941119
231,36MTC,872753.0706216183,-217555.10640709675,Built_Up_Area,moderate,1.060260934222816
232,35MRU,870539.9999978954,-143680.00000391336,Built_Up_Area,moderate,1.0899533132606911
233,35MRT,845899.9999791873,-236980.0000302978,Built_Up_Area,moderate,0.9522081914164479
234,36MTD,891102.7512296877,-209138.61745336922,Built_Up_Area,moderate,0.7905974587692227
235,35MQT,808599.9999618995,-234740.0000075382,Built_Up_Area,moderate,1.1560618438197225
236,35MRU,803339.9999978954,-150400.00000391336,Built_Up_Area,moderate,0.9243041780819499
237,35MRT,810059.9999791873,-245940.0000302978,Built_Up_Area,moderate,1.1663124481763147
238,35MRT,841419.9999791873,-214580.00003029776,Built_Up_Area,moderate,0.5905228742967876
239,35MQT,806359.9999618995,-259380.0000075382,Built_Up_Area,moderate,1.1617507358881507
240,35MRT,839179.9999791873,-221300.0000302978,Built_Up_Area,moderate,0.6209559504099997
241,35MRT,888459.9999791873,-210100.00003029776,Built_Up_Area,moderate,0.8753639797208631
242,35MRT,841419.9999791873,-225780.0000302978,Built_Up_Area,moderate,0.7006598592477608
243,35MQT,707799.9999618995,-277300.0000075382,Built_Up_Area,complex,1.442400303685704
244,35MQU,808599.9999682134,-152640.00004559453,Built_Up_Area,complex,1.3700656899749786
245,35MQT,714519.9999618995,-272820.0000075382,Built_Up_Area,complex,1.3165980899052943
246,35MPT,708639.9999501455,-279539.9999929683,Built_Up_Area,complex,1.2378918814145798
247,35MRT,810059.9999791873,-232500.0000302978,Built_Up_Area,complex,1.3271396616254925
248,35MRT,832459.9999791873,-212340.00003029776,Built_Up_Area,complex,1.2373000721966756
249,35MRU,845899.9999978954,-199680.00000391336,Built_Up_Area,complex,1.2062478114071147
250,35MRT,848139.9999791873,-198900.00003029776,Built_Up_Area,complex,1.3278069042480065
251,35MRT,841419.9999791873,-205620.00003029776,Built_Up_Area,complex,1.204083780434194
252,35MQT,808599.9999618995,-232500.0000075382,Built_Up_Area,complex,1.2128367930440214
253,35MRU,863819.9999978954,-208640.00000391336,Built_Up_Area,complex,1.2097236353040999
254,36MTC,883953.0706216183,-213075.10640709675,Built_Up_Area,complex,1.2038696654225884
255,35MQT,804119.9999618995,-292980.0000075382,Built_Up_Area,complex,1.2984114735444314
256,35MQT,716759.9999618995,-290740.0000075382,Built_Up_Area,complex,1.2689448533946859
257,35MRU,821259.9999978954,-177280.00000391336,Built_Up_Area,complex,1.202717197544793
258,35MQU,761559.9999682134,-188480.00004559453,Built_Up_Area,complex,1.2665944771424291
259,35MQT,714519.9999618995,-275060.0000075382,Built_Up_Area,complex,1.261458595330333
260,35MQT,710039.9999618995,-277300.0000075382,Built_Up_Area,complex,1.585370144044753
261,35MQU,792919.9999682134,-168320.00004559453,Built_Up_Area,complex,1.272166656360851
262,35MQT,804119.9999618995,-259380.0000075382,Built_Up_Area,complex,1.3679162537175762
263,35MQU,752599.9999682134,-190720.00004559453,Built_Up_Area,complex,1.259714630588458
264,35MRT,805579.9999791873,-234740.0000302978,Built_Up_Area,complex,1.3303291187336848
265,35MRT,805579.9999791873,-248180.0000302978,Built_Up_Area,complex,1.2190219168654244
266,35MQT,795159.9999618995,-279540.0000075382,Built_Up_Area,complex,1.3608486112559117
267,35MRU,843659.9999978954,-201920.00000391336,Built_Up_Area,complex,1.3871941937941517
268,35MRT,859339.9999791873,-239220.0000302978,Built_Up_Area,complex,1.221365183166419
269,35MQU,752599.9999682134,-188480.00004559453,Built_Up_Area,complex,1.2530303182682936
270,35MQT,712279.9999618995,-272820.0000075382,Built_Up_Area,complex,1.3283441225667878
271,35MRU,843659.9999978954,-206400.00000391336,Built_Up_Area,complex,1.2149526926554621
272,35MRT,810059.9999791873,-234740.0000302978,Built_Up_Area,complex,1.2993765992592858
273,36MTC,913073.0706216183,-253395.10640709678,Built_Up_Area,complex,1.3714711169363933
274,35MRT,836939.9999791873,-214580.00003029776,Built_Up_Area,complex,1.2332595487204951
275,36MTD,870942.7512296876,-141938.61745336925,Built_Up_Area,complex,1.3129010974539455
276,35MQT,804119.9999618995,-290740.0000075382,Built_Up_Area,complex,1.223464921282819
277,35MRU,843659.9999978954,-204160.00000391336,Built_Up_Area,complex,1.2720853696678123
278,35MQT,806359.9999618995,-248180.0000075382,Built_Up_Area,complex,1.232176094646145
279,35MRT,807819.9999791873,-261620.0000302978,Built_Up_Area,complex,1.2050790119032007
280,35MQT,725719.9999618995,-284020.0000075382,Built_Up_Area,complex,1.2736873700707947
281,35MRT,881739.9999791873,-214580.00003029776,Built_Up_Area,complex,1.2035278860234833
282,35MQT,707799.9999618995,-279540.0000075382,Built_Up_Area,complex,1.3420712200825151
283,35MQT,801879.9999618995,-286260.0000075382,Built_Up_Area,complex,1.247121029610979
284,35MRT,805579.9999791873,-284020.0000302978,Built_Up_Area,complex,1.2963418094069328
285,35MQT,712279.9999618995,-270580.0000075382,Built_Up_Area,complex,1.3201751740073098
286,35MRU,839179.9999978954,-204160.00000391336,Built_Up_Area,complex,1.2647152963309978
287,35MQT,710039.9999618995,-275060.0000075382,Built_Up_Area,complex,1.2191868089460816
288,35MRT,803339.9999791873,-288500.0000302978,Built_Up_Area,complex,1.2318982688645628
289,36MTC,879473.0706216183,-206355.10640709675,Built_Up_Area,complex,1.2370118886468278
290,35MRT,908619.9999791873,-252660.0000302978,Built_Up_Area,complex,1.2200793782279213
291,35MRT,825739.9999791873,-252660.0000302978,Built_Up_Area,complex,1.202587335762225
292,36MTC,928753.0706216183,-255635.10640709678,Built_Up_Area,complex,1.3235778294816485
293,35MQT,781719.9999618995,-228020.0000075382,Built_Up_Area,complex,1.2065337147901911
294,35MQT,808599.9999618995,-245940.0000075382,Built_Up_Area,complex,1.237109519305746
295,35MRT,807819.9999791873,-281780.0000302978,Built_Up_Area,complex,1.3631952173181425
296,35MQT,806359.9999618995,-234740.0000075382,Built_Up_Area,complex,1.259458690920416
297,35MRT,834699.9999791873,-214580.00003029776,Built_Up_Area,complex,1.2840778835227458
298,35MQT,806359.9999618995,-284020.0000075382,Built_Up_Area,complex,1.2149842390703092
299,35MRT,807819.9999791873,-230260.0000302978,Built_Up_Area,complex,1.210562734680522
300,36MTC,879473.0706216183,-215315.10640709675,Built_Up_Area,complex,1.270197792097664
301,35MRU,805579.9999978954,-161600.00000391336,Built_Up_Area,complex,1.3671793744464424
302,35MQT,714519.9999618995,-268340.0000075382,Built_Up_Area,complex,1.2431374107842972
303,35MQU,759319.9999682134,-188480.00004559453,Built_Up_Area,complex,1.2268531068547999
304,36MTC,924273.0706216183,-248915.10640709678,Built_Up_Area,complex,1.3222206051255811
305,35MRU,825739.9999978954,-190720.00000391336,Built_Up_Area,complex,1.3705697661839493
306,35MRU,848139.9999978954,-201920.00000391336,Built_Up_Area,complex,1.2493828973233998
307,35MRT,803339.9999791873,-284020.0000302978,Built_Up_Area,complex,1.2581180838928234
308,35MQT,810839.9999618995,-230260.0000075382,Built_Up_Area,complex,1.3017194661956926
309,35MPT,708639.9999501455,-277299.9999929683,Built_Up_Area,complex,1.4345914048833468
310,35MRT,845899.9999791873,-210100.00003029776,Built_Up_Area,complex,1.351173830278074
311,35MQT,804119.9999618995,-261620.0000075382,Built_Up_Area,complex,1.235551170913931
312,35MPT,710879.9999501455,-275059.9999929683,Built_Up_Area,complex,1.2827193149950378
313,35MQT,804119.9999618995,-230260.0000075382,Built_Up_Area,complex,1.2880499976403506
314,35MQT,804119.9999618995,-284020.0000075382,Built_Up_Area,complex,1.2463669505078192
315,35MRU,825739.9999978954,-172800.00000391336,Built_Up_Area,complex,1.3417858311398259
316,36MTC,910833.0706216183,-251155.10640709678,Built_Up_Area,complex,1.2099698394487894
317,35MQT,732439.9999618995,-259380.0000075382,Built_Up_Area,complex,1.3328680878231933
318,35MRT,843659.9999791873,-203380.00003029776,Built_Up_Area,complex,1.2933571315867436
319,35MRU,872779.9999978954,-157120.00000391336,Cropland,homogeneous,0.022577968251202812
320,35MRT,910859.9999791873,-228020.0000302978,Cropland,homogeneous,0.22107083199132072
321,35MRU,877259.9999978954,-121280.00000391334,Cropland,homogeneous,0.48771905077595834
322,35MRU,875019.9999978954,-125760.00000391334,Cropland,homogeneous,0.4748687814943232
323,36MTD,877662.7512296877,-130738.61745336924,Cropland,homogeneous,0.42338615818355824
324,36MTD,882142.7512296877,-137458.61745336925,Cropland,homogeneous,0.42560922730926526
325,36MTD,877662.7512296877,-124018.61745336924,Cropland,homogeneous,0.3704358506818947
326,36MTC,910833.0706216183,-228755.10640709678,Cropland,homogeneous,0.3725330861832632
327,35MQU,790679.9999682134,-199680.00004559453,Cropland,homogeneous,0.4345747269959083
328,35MRU,877259.9999978954,-139200.00000391336,Cropland,homogeneous,0.25695656353524193
329,36MTD,877662.7512296877,-159858.61745336925,Cropland,homogeneous,0.4187457063054952
330,35MQU,786199.9999682134,-192960.00004559453,Cropland,homogeneous,0.38369970302681344
331,35MQT,786199.9999618995,-201140.0000075382,Cropland,homogeneous,0.29253348582642774
332,35MQU,781719.9999682134,-204160.00004559453,Cropland,homogeneous,0.26038707772795544
333,36MTD,875422.7512296876,-144178.61745336925,Cropland,homogeneous,0.13004527553364897
334,35MQT,795159.9999618995,-205620.0000075382,Cropland,homogeneous,0.31061217997046037
335,35MQU,790679.9999682134,-208640.00004559453,Cropland,homogeneous,0.4831843535621131
336,35MRU,877259.9999978954,-123520.00000391334,Cropland,homogeneous,0.39979764895012276
337,36MTD,882142.7512296877,-139698.61745336925,Cropland,homogeneous,0.2611849071220005
338,35MQU,770519.9999682134,-181760.00004559453,Cropland,homogeneous,0.39378691563496543
339,35MRT,848139.9999791873,-259380.0000302978,Cropland,homogeneous,0.4418668387329737
340,35MQT,781719.9999618995,-210100.0000075382,Cropland,homogeneous,0.41633403624514614
341,36MTC,922033.0706216183,-253395.10640709678,Cropland,homogeneous,0.28927563339583817
342,35MQT,730199.9999618995,-288500.0000075382,Cropland,homogeneous,0.47234497059484803
343,35MRT,906379.9999791873,-239220.0000302978,Cropland,homogeneous,0.38488224144436467
344,35MRU,868299.9999978954,-157120.00000391336,Cropland,homogeneous,0.36874039567391476
345,35MQU,788439.9999682134,-195200.00004559453,Cropland,homogeneous,0.3823682535532319
346,35MRU,868299.9999978954,-150400.00000391336,Cropland,homogeneous,0.4483403222814644
347,35MRT,857099.9999791873,-263860.0000302978,Cropland,homogeneous,0.0609365944001793
348,35MRT,910859.9999791873,-225780.0000302978,Cropland,homogeneous,0.4516796384207429
349,35MQT,790679.9999618995,-198900.0000075382,Cropland,homogeneous,0.18089660857057538
350,35MQU,770519.9999682134,-197440.00004559453,Cropland,homogeneous,0.48720348376195227
351,35MRU,877259.9999978954,-141440.00000391336,Cropland,homogeneous,0.17508850187011948
352,35MQU,792919.9999682134,-197440.00004559453,Cropland,homogeneous,0.21758365679065536
353,35MQT,786199.9999618995,-207860.0000075382,Cropland,homogeneous,0.4355822010597735
354,35MQU,792919.9999682134,-199680.00004559453,Cropland,homogeneous,0.2616033990136885
355,36MTD,873182.7512296876,-157618.61745336925,Cropland,homogeneous,0.12082132180864237
356,35MRU,872779.9999978954,-159360.00000391336,Cropland,homogeneous,0.32560753198903053
357,35MQT,721239.9999618995,-295220.0000075382,Cropland,homogeneous,0.48453785561867496
358,35MRU,877259.9999978954,-168320.00000391336,Cropland,homogeneous,0.3261882174848064
359,36MTD,868702.7512296876,-135218.61745336925,Cropland,homogeneous,0.37508972824334874
360,36MTD,882142.7512296877,-130738.61745336924,Cropland,homogeneous,0.05715562201021458
361,36MTD,884382.7512296877,-128498.61745336924,Cropland,homogeneous,0.018218677054359488
362,35MQU,777239.9999682134,-201920.00004559453,Cropland,homogeneous,0.4053965944140002
363,35MQT,718999.9999618995,-295220.0000075382,Cropland,homogeneous,0.48148753300169533
364,35MQU,786199.9999682134,-204160.00004559453,Cropland,homogeneous,0.3284358335979076
365,35MRU,879499.9999978954,-125760.00000391334,Cropland,homogeneous,0.4190419616714846
366,35MQU,777239.9999682134,-195200.00004559453,Cropland,homogeneous,0.21343928404872617
367,35MQT,788439.9999618995,-205620.0000075382,Cropland,homogeneous,0.1844294624772781
368,35MRU,872779.9999978954,-154880.00000391336,Cropland,homogeneous,0.24928286493354107
369,35MQU,772759.9999682134,-184000.00004559453,Cropland,homogeneous,0.323931722458319
370,35MRU,881739.9999978954,-139200.00000391336,Cropland,homogeneous,0.39236455886903027
371,36MTC,913073.0706216183,-224275.10640709678,Cropland,homogeneous,0.43632890732069163
372,35MQT,783959.9999618995,-205620.0000075382,Cropland,homogeneous,0.3012512175161298
373,35MQT,790679.9999618995,-203380.0000075382,Cropland,homogeneous,0.15178678173415394
374,35MRU,872779.9999978954,-148160.00000391336,Cropland,homogeneous,0.12369448412832629
375,35MQU,795159.9999682134,-204160.00004559453,Cropland,homogeneous,0.36085177979452354
376,35MRU,866059.9999978954,-143680.00000391336,Cropland,homogeneous,0.26429453081152815
377,35MRU,866059.9999978954,-139200.00000391336,Cropland,homogeneous,0.46502272506770514
378,35MRU,890699.9999978954,-161600.00000391336,Cropland,homogeneous,0.34087125577971855
379,35MRU,863819.9999978954,-136960.00000391336,Cropland,homogeneous,0.336078634935959
380,35MQU,790679.9999682134,-201920.00004559453,Cropland,homogeneous,0.19923700103690686
381,36MTD,879902.7512296877,-144178.61745336925,Cropland,homogeneous,0.49816746023973585
382,35MQT,788439.9999618995,-214580.0000075382,Cropland,homogeneous,0.34330978644168075
383,36MTD,879902.7512296877,-177778.61745336922,Cropland,homogeneous,0.4666583149051797
384,35MRU,866059.9999978954,-159360.00000391336,Cropland,homogeneous,0.4793011442542326
385,35MQU,770519.9999682134,-195200.00004559453,Cropland,homogeneous,0.3385680106720854
386,35MQU,772759.9999682134,-199680.00004559453,Cropland,homogeneous,0.4742385189880929
387,35MQT,777239.9999618995,-201140.0000075382,Cropland,homogeneous,0.3540215313834909
388,35MQT,795159.9999618995,-198900.0000075382,Cropland,homogeneous,0.24497860688870857
389,35MRU,879499.9999978954,-157120.00000391336,Cropland,homogeneous,0.46731035892507056
390,35MQT,727959.9999618995,-297460.0000075382,Cropland,homogeneous,0.4979183066792946
391,35MRT,850379.9999791873,-261620.0000302978,Cropland,homogeneous,0.12026328273417455
392,36MTD,879902.7512296877,-159858.61745336925,Cropland,homogeneous,0.3351568280918595
393,36MTD,879902.7512296877,-117298.61745336924,Cropland,homogeneous,0.074512271733651
394,36MTD,875422.7512296876,-139698.61745336925,Cropland,homogeneous,0.07908136765770413
395,35MQU,772759.9999682134,-181760.00004559453,Cropland,homogeneous,0.20814872704764886
396,35MRT,854859.9999791873,-263860.0000302978,Cropland,homogeneous,0.14109002299512868
397,35MQU,783959.9999682134,-208640.00004559453,Cropland,homogeneous,0.367584565611751
398,36MTC,908593.0706216183,-230995.10640709678,Cropland,homogeneous,0.40499893498677714
399,35MQT,795159.9999618995,-216820.0000075382,Cropland,homogeneous,0.33173499598682327
400,36MTD,882142.7512296877,-141938.61745336925,Cropland,homogeneous,0.4371045055989128
401,35MRU,881739.9999978954,-141440.00000391336,Cropland,homogeneous,0.42229363729429825
402,35MRT,816779.9999791873,-252660.0000302978,Cropland,homogeneous,0.48227188885318606
403,35MRU,875019.9999978954,-152640.00000391336,Cropland,homogeneous,0.25378424365492747
404,35MRT,901899.9999791873,-225780.0000302978,Cropland,homogeneous,0.36119346550137293
405,35MQT,779479.9999618995,-210100.0000075382,Cropland,homogeneous,0.4183461796745992
406,35MQT,781719.9999618995,-212340.0000075382,Cropland,homogeneous,0.3496266700029479
407,35MRU,881739.9999978954,-143680.00000391336,Cropland,homogeneous,0.4091403487235405
408,35MRT,854859.9999791873,-268340.0000302978,Cropland,homogeneous,0.26771195653362934
409,35MRU,875019.9999978954,-121280.00000391334,Cropland,homogeneous,0.4297756145092019
410,35MRU,890699.9999978954,-184000.00000391336,Cropland,homogeneous,0.4220925075296855
411,36MTD,870942.7512296876,-150898.61745336925,Cropland,homogeneous,0.1596776427353495
412,35MRT,850379.9999791873,-263860.0000302978,Cropland,homogeneous,0.3798334945917945
413,36MTD,875422.7512296876,-130738.61745336924,Cropland,homogeneous,0.1677793475041264
414,35MRU,868299.9999978954,-159360.00000391336,Cropland,homogeneous,0.37508776497352536
415,35MRT,852619.9999791873,-243700.0000302978,Cropland,homogeneous,0.4588584971973045
416,35MQT,779479.9999618995,-205620.0000075382,Cropland,homogeneous,0.20115115535561243
417,36MTC,899633.0706216183,-224275.10640709678,Cropland,homogeneous,0.4523987114914338
418,35MQU,774999.9999682134,-177280.00004559453,Cropland,homogeneous,0.46879864834890517
419,35MQU,788439.9999682134,-199680.00004559453,Cropland,homogeneous,0.48545902003065977
420,35MQT,779479.9999618995,-207860.0000075382,Cropland,homogeneous,0.3282296763706442
421,35MQU,790679.9999682134,-195200.00004559453,Cropland,homogeneous,0.4160801261408945
422,36MTC,915313.0706216183,-222035.10640709678,Cropland,homogeneous,0.424865588912996
423,35MQT,783959.9999618995,-212340.0000075382,Cropland,homogeneous,0.3566372197185561
424,35MRU,883979.9999978954,-150400.00000391336,Cropland,homogeneous,0.36977137331975185
425,36MTD,868702.7512296876,-150898.61745336925,Cropland,homogeneous,0.44838081752955017
426,35MRU,863819.9999978954,-141440.00000391336,Cropland,homogeneous,0.11672612687313069
427,35MRU,883979.9999978954,-125760.00000391334,Cropland,homogeneous,0.10596115888133092
428,35MQU,795159.9999682134,-199680.00004559453,Cropland,homogeneous,0.2560034403694314
429,36MTD,868702.7512296876,-132978.61745336925,Cropland,homogeneous,0.20153659263779014
430,35MQT,792919.9999618995,-198900.0000075382,Cropland,homogeneous,0.10069664642231435
431,35MQU,790679.9999682134,-206400.00004559453,Cropland,homogeneous,0.38331414520834983
432,35MRU,872779.9999978954,-150400.00000391336,Cropland,homogeneous,0.38075930675063835
433,35MQT,777239.9999618995,-205620.0000075382,Cropland,homogeneous,0.342607688600951
434,35MQT,727959.9999618995,-299700.0000075382,Cropland,homogeneous,0.4787318760734694
435,35MRU,881739.9999978954,-116800.00000391334,Cropland,homogeneous,0.3591574991845255
436,35MRU,877259.9999978954,-130240.00000391334,Cropland,homogeneous,0.3200867171530203
437,35MQU,781719.9999682134,-197440.00004559453,Cropland,homogeneous,0.3420878930279093
438,35MQT,783959.9999618995,-221300.0000075382,Cropland,homogeneous,0.4504183470943765
439,35MQT,779479.9999618995,-198900.0000075382,Cropland,homogeneous,0.3371258901002677
440,36MTD,879902.7512296877,-126258.61745336924,Cropland,homogeneous,0.46567295594154745
441,36MTD,875422.7512296876,-137458.61745336925,Cropland,homogeneous,0.1631759184194711
442,35MQT,790679.9999618995,-201140.0000075382,Cropland,homogeneous,0.4366902542461266
443,36MTD,868702.7512296876,-166578.61745336925,Cropland,homogeneous,0.2710200000301161
444,35MQT,750359.9999618995,-261620.0000075382,Cropland,homogeneous,0.15870277838028896
445,35MRU,879499.9999978954,-123520.00000391334,Cropland,homogeneous,0.30743224121327073
446,35MRU,881739.9999978954,-128000.00000391334,Cropland,homogeneous,0.13107279660929905
447,35MQU,777239.9999682134,-204160.00004559453,Cropland,homogeneous,0.49841392465913387
448,35MRU,866059.9999978954,-136960.00000391336,Cropland,homogeneous,0.2993046838859863
449,36MTD,884382.7512296877,-135218.61745336925,Cropland,homogeneous,0.12482039684641354
450,36MTD,875422.7512296876,-128498.61745336924,Cropland,homogeneous,0.03200017672210727
451,36MTD,870942.7512296876,-162098.61745336925,Cropland,homogeneous,0.18792932326857809
452,35MRU,877259.9999978954,-128000.00000391334,Cropland,homogeneous,0.30563386184058416
453,35MRU,868299.9999978954,-154880.00000391336,Cropland,homogeneous,0.3513638024988931
454,35MQU,781719.9999682134,-199680.00004559453,Cropland,homogeneous,0.30106975096543326
455,35MQU,768279.9999682134,-195200.00004559453,Cropland,homogeneous,0.045564476089610964
456,35MRU,877259.9999978954,-136960.00000391336,Cropland,homogeneous,0.24216830548247348
457,35MQU,783959.9999682134,-204160.00004559453,Cropland,homogeneous,0.45537753010936677
458,36MTD,875422.7512296876,-175538.61745336922,Cropland,homogeneous,0.33986711863564023
459,35MQU,783959.9999682134,-201920.00004559453,Cropland,homogeneous,0.22216266255162023
460,35MRU,868299.9999978954,-152640.00000391336,Cropland,homogeneous,0.48257631552707975
461,35MQU,750359.9999682134,-181760.00004559453,Cropland,homogeneous,0.00749294140075025
462,35MQT,781719.9999618995,-214580.0000075382,Cropland,homogeneous,0.4361294900583245
463,35MQT,786199.9999618995,-221300.0000075382,Cropland,homogeneous,0.4884371317071594
464,35MRT,852619.9999791873,-232500.0000302978,Cropland,homogeneous,0.4992416016810334
465,35MQU,795159.9999682134,-208640.00004559453,Cropland,homogeneous,0.34783535905683355
466,35MQT,810839.9999618995,-241460.0000075382,Cropland,homogeneous,0.49531952923297995
467,36MTD,868702.7512296876,-157618.61745336925,Cropland,homogeneous,0.33623302740479366
468,35MRT,908619.9999791873,-228020.0000302978,Cropland,homogeneous,0.3613407279071279
469,35MQU,795159.9999682134,-201920.00004559453,Cropland,homogeneous,0.17560161746410263
470,35MRT,854859.9999791873,-266100.0000302978,Cropland,homogeneous,0.014586778620839977
471,35MRU,879499.9999978954,-119040.00000391334,Cropland,homogeneous,0.4842763031458627
472,35MQU,779479.9999682134,-206400.00004559453,Cropland,homogeneous,0.2678006381879665
473,36MTD,873182.7512296876,-155378.61745336925,Cropland,homogeneous,0.25276106760060874
474,35MRU,861579.9999978954,-136960.00000391336,Cropland,homogeneous,0.3396932565791694
475,36MTD,873182.7512296876,-153138.61745336925,Cropland,homogeneous,0.38859478539536985
476,35MRU,877259.9999978954,-166080.00000391336,Cropland,homogeneous,0.1944808225265977
477,36MTC,910833.0706216183,-226515.10640709678,Cropland,homogeneous,0.4097736277889695
478,36MTD,877662.7512296877,-117298.61745336924,Cropland,homogeneous,0.44853363159221765
479,36MTD,879902.7512296877,-146418.61745336925,Cropland,homogeneous,0.1529801528781671
480,35MRU,863819.9999978954,-134720.00000391336,Cropland,homogeneous,0.4182705702366466
481,35MRU,879499.9999978954,-121280.00000391334,Cropland,homogeneous,0.364210340335334
482,35MQU,797399.9999682134,-157120.00004559453,Cropland,homogeneous,0.4975306114714299
483,35MQT,786199.9999618995,-212340.0000075382,Cropland,homogeneous,0.43610220727050625
484,35MRU,886219.9999978954,-130240.00000391334,Cropland,homogeneous,0.33223906331250563
485,36MTD,868702.7512296876,-159858.61745336925,Cropland,homogeneous,0.40372990012132104
486,35MRU,866059.9999978954,-134720.00000391336,Cropland,homogeneous,0.4908033252253108
487,35MQU,790679.9999682134,-204160.00004559453,Cropland,homogeneous,0.20057874506025727
488,35MRU,883979.9999978954,-128000.00000391334,Cropland,homogeneous,0.11926542236211107
489,36MTD,868702.7512296876,-153138.61745336925,Cropland,homogeneous,0.3353364586909129
490,35MQU,790679.9999682134,-192960.00004559453,Cropland,homogeneous,0.32272816990294917
491,36MTD,877662.7512296877,-137458.61745336925,Cropland,homogeneous,0.25552194046388493
492,36MTD,882142.7512296877,-144178.61745336925,Cropland,homogeneous,0.49706802899234337
493,36MTD,877662.7512296877,-164338.61745336925,Cropland,homogeneous,0.43453198866314013
494,36MTD,877662.7512296877,-157618.61745336925,Cropland,homogeneous,0.19584751224387614
495,35MRU,861579.9999978954,-134720.00000391336,Cropland,homogeneous,0.4302584485126192
496,35MRU,872779.9999978954,-141440.00000391336,Cropland,homogeneous,0.42166336827233686
497,35MRU,881739.9999978954,-150400.00000391336,Cropland,homogeneous,0.2337055417246937
498,35MRT,908619.9999791873,-230260.0000302978,Cropland,homogeneous,0.2727868731531853
499,35MRU,879499.9999978954,-159360.00000391336,Cropland,homogeneous,0.27116366379413676
500,35MQT,718999.9999618995,-297460.0000075382,Cropland,homogeneous,0.49365616901061454
501,35MQU,790679.9999682134,-197440.00004559453,Cropland,homogeneous,0.26059295297792057
502,35MRU,868299.9999978954,-136960.00000391336,Cropland,homogeneous,0.1273097594728364
503,35MRU,879499.9999978954,-161600.00000391336,Cropland,homogeneous,0.4320274324235935
504,35MQU,792919.9999682134,-195200.00004559453,Cropland,homogeneous,0.3427124380061028
505,36MTC,913073.0706216183,-222035.10640709678,Cropland,homogeneous,0.25441737234453754
506,36MTD,875422.7512296876,-166578.61745336925,Cropland,homogeneous,0.22114422181971885
507,35MQU,795159.9999682134,-197440.00004559453,Cropland,homogeneous,0.3153767222793372
508,35MQU,770519.9999682134,-184000.00004559453,Cropland,homogeneous,0.3147712715360702
509,36MTD,868702.7512296876,-139698.61745336925,Cropland,homogeneous,0.2579213359058704
510,35MQT,781719.9999618995,-198900.0000075382,Cropland,homogeneous,0.2844339675522777
511,35MQU,777239.9999682134,-199680.00004559453,Cropland,homogeneous,0.35035111192593704
512,36MTD,870942.7512296876,-155378.61745336925,Cropland,homogeneous,0.2291972605530542
513,35MQU,788439.9999682134,-201920.00004559453,Cropland,homogeneous,0.26733186867816777
514,35MRU,872779.9999978954,-152640.00000391336,Cropland,homogeneous,0.3853564965639301
515,35MRU,875019.9999978954,-143680.00000391336,Cropland,homogeneous,0.2543968270489424
516,35MRT,816779.9999791873,-241460.0000302978,Cropland,homogeneous,0.40247335774075826
517,35MRU,868299.9999978954,-139200.00000391336,Cropland,homogeneous,0.24262579847966106
518,35MRU,883979.9999978954,-134720.00000391336,Cropland,homogeneous,0.13588574700391284
519,35MQT,788439.9999618995,-219060.0000075382,Cropland,homogeneous,0.4987266358240191
520,36MTD,877662.7512296877,-141938.61745336925,Cropland,homogeneous,0.17682780743403032
521,35MQT,795159.9999618995,-201140.0000075382,Cropland,homogeneous,0.23362498073814542
522,36MTD,879902.7512296877,-121778.61745336924,Cropland,homogeneous,0.42270144880245014
523,35MQU,779479.9999682134,-208640.00004559453,Cropland,homogeneous,0.37608184960844415
524,35MRU,868299.9999978954,-132480.00000391336,Cropland,homogeneous,0.24127133803019818
525,35MQU,768279.9999682134,-192960.00004559453,Cropland,homogeneous,0.1852418110834484
526,35MRU,807819.9999978954,-148160.00000391336,Cropland,homogeneous,0.2520930110434403
527,35MQT,770519.9999618995,-203380.0000075382,Cropland,homogeneous,0.46134134640636926
528,35MQT,783959.9999618995,-201140.0000075382,Cropland,homogeneous,0.3700994166972428
529,35MQT,781719.9999618995,-201140.0000075382,Cropland,homogeneous,0.3544536064767102
530,35MRU,866059.9999978954,-163840.00000391336,Cropland,homogeneous,0.47165173170444646
531,35MRT,852619.9999791873,-263860.0000302978,Cropland,homogeneous,0.0008764101856336522
532,35MRU,883979.9999978954,-130240.00000391334,Cropland,homogeneous,0.013898740888244016
533,35MRT,814539.9999791873,-254900.0000302978,Cropland,homogeneous,0.4614413513378959
534,36MTD,870942.7512296876,-148658.61745336925,Cropland,homogeneous,0.4777577530293912
535,35MQT,790679.9999618995,-212340.0000075382,Cropland,homogeneous,0.30706145451920036
536,35MQU,783959.9999682134,-206400.00004559453,Cropland,homogeneous,0.2761129761382837
537,36MTD,875422.7512296876,-148658.61745336925,Cropland,homogeneous,0.2933885764438113
538,35MRU,868299.9999978954,-166080.00000391336,Cropland,homogeneous,0.07011017856311674
539,35MRU,875019.9999978954,-139200.00000391336,Cropland,homogeneous,0.09395745520367627
540,35MQU,795159.9999682134,-206400.00004559453,Cropland,homogeneous,0.2879166900375384
541,35MQT,786199.9999618995,-203380.0000075382,Cropland,homogeneous,0.17064200860798723
542,35MQU,781719.9999682134,-206400.00004559453,Cropland,homogeneous,0.3741729958956311
543,36MTD,868702.7512296876,-130738.61745336924,Cropland,homogeneous,0.42594311607695245
544,35MRU,875019.9999978954,-130240.00000391334,Cropland,homogeneous,0.043551822897076646
545,35MRT,845899.9999791873,-252660.0000302978,Cropland,homogeneous,0.48538204008114916
546,35MQT,781719.9999618995,-205620.0000075382,Cropland,homogeneous,0.35619470124901226
547,36MTD,882142.7512296877,-128498.61745336924,Cropland,homogeneous,0.121796315566512
548,35MRT,852619.9999791873,-266100.0000302978,Cropland,homogeneous,0.10431540214158551
549,36MTD,870942.7512296876,-153138.61745336925,Cropland,homogeneous,0.4493317642030489
550,35MQT,721239.9999618995,-297460.0000075382,Cropland,homogeneous,0.22827331614636143
551,35MQS,721239.9999815882,-298920.00004478084,Cropland,homogeneous,0.43984546777716116
552,36MTD,877662.7512296877,-166578.61745336925,Cropland,homogeneous,0.3378999683840832
553,36MTD,873182.7512296876,-139698.61745336925,Cropland,homogeneous,0.2827951544946541
554,36MTD,879902.7512296877,-162098.61745336925,Cropland,homogeneous,0.4410204097975709
555,35MQU,786199.9999682134,-206400.00004559453,Cropland,homogeneous,0.44883040480579883
556,35MRU,879499.9999978954,-177280.00000391336,Cropland,homogeneous,0.4923487820772043
557,35MRU,870539.9999978954,-132480.00000391336,Cropland,homogeneous,0.37014859793509014
558,36MTD,873182.7512296876,-130738.61745336924,Cropland,homogeneous,0.4393128569478541
559,35MRU,877259.9999978954,-143680.00000391336,Cropland,homogeneous,0.2050152797266789
560,35MRU,877259.9999978954,-159360.00000391336,Cropland,homogeneous,0.4106343700058974
561,35MQU,786199.9999682134,-199680.00004559453,Cropland,homogeneous,0.41746399326660033
562,35MRU,866059.9999978954,-161600.00000391336,Cropland,homogeneous,0.4151981542654144
563,35MQU,783959.9999682134,-199680.00004559453,Cropland,homogeneous,0.4257530478572173
564,35MQT,783959.9999618995,-198900.0000075382,Cropland,homogeneous,0.41300062998348674
565,35MRU,877259.9999978954,-150400.00000391336,Cropland,homogeneous,0.21419462570791356
566,35MQT,795159.9999618995,-210100.0000075382,Cropland,homogeneous,0.4392968730327253
567,35MRT,859339.9999791873,-254900.0000302978,Cropland,homogeneous,0.4574911385174173
568,35MRU,883979.9999978954,-136960.00000391336,Cropland,homogeneous,0.20842250653392802
569,35MQT,788439.9999618995,-201140.0000075382,Cropland,homogeneous,0.23866871811142856
570,35MQT,783959.9999618995,-207860.0000075382,Cropland,homogeneous,0.33172937750631837
571,36MTD,870942.7512296876,-157618.61745336925,Cropland,homogeneous,0.44592788575136877
572,35MQT,761559.9999618995,-245940.0000075382,Cropland,homogeneous,0.472293670453669
573,36MTD,884382.7512296877,-130738.61745336924,Cropland,homogeneous,0.10911329442068074
574,35MRU,875019.9999978954,-175040.00000391336,Cropland,homogeneous,0.2436701142392247
575,36MTD,875422.7512296876,-121778.61745336924,Cropland,homogeneous,0.4802022720586273
576,35MQT,781719.9999618995,-203380.0000075382,Cropland,homogeneous,0.3340137952587671
577,36MTC,924273.0706216183,-255635.10640709678,Cropland,homogeneous,0.41585030284940494
578,35MRU,879499.9999978954,-145920.00000391336,Cropland,homogeneous,0.11703149602785243
579,36MTC,908593.0706216183,-222035.10640709678,Cropland,homogeneous,0.3302679533672895
580,35MRU,861579.9999978954,-139200.00000391336,Cropland,homogeneous,0.4249579014901811
581,36MTD,873182.7512296876,-146418.61745336925,Cropland,homogeneous,0.31467397048930684
582,35MRT,850379.9999791873,-266100.0000302978,Cropland,homogeneous,0.4314395152546105
583,35MQT,795159.9999618995,-207860.0000075382,Cropland,homogeneous,0.32531588056580135
584,35MRT,845899.9999791873,-254900.0000302978,Cropland,homogeneous,0.48266985884021707
585,35MQU,795159.9999682134,-195200.00004559453,Cropland,homogeneous,0.4660561657968661
586,35MQT,730199.9999618995,-292980.0000075382,Cropland,homogeneous,0.2817488772508654
587,35MQT,795159.9999618995,-203380.0000075382,Cropland,homogeneous,0.28014044233727237
588,35MQT,777239.9999618995,-207860.0000075382,Cropland,homogeneous,0.42664847647705273
589,35MRT,908619.9999791873,-223540.0000302978,Cropland,homogeneous,0.3270578746230887
590,35MQT,786199.9999618995,-205620.0000075382,Cropland,homogeneous,0.4964610655506893
591,36MTD,877662.7512296877,-144178.61745336925,Cropland,homogeneous,0.40635894430318004
592,36MTD,868702.7512296876,-137458.61745336925,Cropland,homogeneous,0.1488919183540431
593,35MRU,877259.9999978954,-148160.00000391336,Cropland,homogeneous,0.18921621162386681
594,36MTD,875422.7512296876,-153138.61745336925,Cropland,homogeneous,0.14006026862437645
595,35MRU,881739.9999978954,-161600.00000391336,Cropland,homogeneous,0.37887497442712287
596,35MRU,875019.9999978954,-128000.00000391334,Cropland,homogeneous,0.024655034812631968
597,35MRU,877259.9999978954,-161600.00000391336,Cropland,homogeneous,0.35405598210136574
598,36MTD,877662.7512296877,-148658.61745336925,Cropland,homogeneous,0.35306097297069144
599,35MRU,886219.9999978954,-161600.00000391336,Cropland,homogeneous,0.38067102126383534
600,36MTD,882142.7512296877,-135218.61745336925,Cropland,homogeneous,0.39813804608414705
601,36MTD,877662.7512296877,-146418.61745336925,Cropland,homogeneous,0.29669849922788627
602,36MTC,924273.0706216183,-260115.10640709678,Cropland,homogeneous,0.2794701126304411
603,35MRU,875019.9999978954,-154880.00000391336,Cropland,homogeneous,0.31525458734140366
604,35MRU,861579.9999978954,-141440.00000391336,Cropland,homogeneous,0.2459859489567291
605,35MQT,786199.9999618995,-198900.0000075382,Cropland,homogeneous,0.42709355199005083
606,35MRU,877259.9999978954,-145920.00000391336,Cropland,homogeneous,0.4897221478518682
607,35MRU,870539.9999978954,-152640.00000391336,Cropland,homogeneous,0.40137504200652513
608,36MTC,908593.0706216183,-228755.10640709678,Cropland,homogeneous,0.4138755050657067
609,35MQU,788439.9999682134,-206400.00004559453,Cropland,homogeneous,0.39525685737770777
610,35MQT,790679.9999618995,-207860.0000075382,Cropland,homogeneous,0.45212279167997893
611,35MQS,727959.9999815882,-298920.00004478084,Cropland,homogeneous,0.4636659979721623
612,35MQT,790679.9999618995,-219060.0000075382,Cropland,homogeneous,0.4464567558121436
613,35MQU,777239.9999682134,-206400.00004559453,Cropland,homogeneous,0.25165392486115656
614,35MRU,875019.9999978954,-132480.00000391336,Cropland,homogeneous,0.41710520087529745
615,35MQT,783959.9999618995,-203380.0000075382,Cropland,homogeneous,0.4031511444154213
616,36MTC,910833.0706216183,-224275.10640709678,Cropland,homogeneous,0.44598600124337284
617,35MQU,781719.9999682134,-201920.00004559453,Cropland,homogeneous,0.44502017043085734
618,35MQT,790679.9999618995,-210100.0000075382,Cropland,homogeneous,0.3613851904308491
619,36MTC,913073.0706216183,-233235.10640709678,Cropland,homogeneous,0.32520114319090887
620,35MRU,881739.9999978954,-130240.00000391334,Cropland,homogeneous,0.06294546111996371
621,35MQT,772759.9999618995,-198900.0000075382,Cropland,homogeneous,0.4356971102249996
622,35MQU,779479.9999682134,-199680.00004559453,Cropland,homogeneous,0.22935579792890287
623,36MTD,868702.7512296876,-164338.61745336925,Cropland,homogeneous,0.3293857638288959
624,35MRU,863819.9999978954,-139200.00000391336,Cropland,homogeneous,0.2409671901766815
625,36MTD,882142.7512296877,-126258.61745336924,Cropland,homogeneous,0.11225539754094219
626,35MRT,821259.9999791873,-241460.0000302978,Cropland,homogeneous,0.39638029564389954
627,36MTD,875422.7512296876,-126258.61745336924,Cropland,homogeneous,0.34636687506668196
628,36MTD,882142.7512296877,-150898.61745336925,Cropland,homogeneous,0.15931138236347653
629,35MRU,881739.9999978954,-125760.00000391334,Cropland,homogeneous,0.29802673364657684
630,35MQT,790679.9999618995,-205620.0000075382,Cropland,homogeneous,0.4369712383289192
631,35MQT,790679.9999618995,-214580.0000075382,Cropland,homogeneous,0.46979287375695344
632,35MRU,866059.9999978954,-141440.00000391336,Cropland,homogeneous,0.24660814998614125
633,35MRU,870539.9999978954,-154880.00000391336,Cropland,homogeneous,0.3181274916555152
634,36MTD,884382.7512296877,-126258.61745336924,Cropland,homogeneous,0.20573235186385275
635,35MRU,870539.9999978954,-161600.00000391336,Cropland,homogeneous,0.25862637982393255
636,35MRU,866059.9999978954,-166080.00000391336,Cropland,homogeneous,0.47597398882993036
637,35MQT,792919.9999618995,-212340.0000075382,Cropland,homogeneous,0.41437766648135443
638,35MQT,790679.9999618995,-223540.0000075382,Cropland,homogeneous,0.46526205476818006
639,35MRU,879499.9999978954,-116800.00000391334,Cropland,homogeneous,0.004212581718974209
640,35MRU,886219.9999978954,-134720.00000391336,Cropland,homogeneous,0.4024860460636709
641,35MQT,779479.9999618995,-201140.0000075382,Cropland,homogeneous,0.4766694173464508
642,36MTD,877662.7512296877,-150898.61745336925,Cropland,homogeneous,0.49878441700626874
643,35MRU,857099.9999978954,-143680.00000391336,Cropland,homogeneous,0.4769644821603986
644,36MTD,868702.7512296876,-155378.61745336925,Cropland,homogeneous,0.38175597860019395
645,35MRU,870539.9999978954,-150400.00000391336,Cropland,homogeneous,0.16067615854669007
646,36MTD,873182.7512296876,-148658.61745336925,Cropland,homogeneous,0.06849156531975957
647,36MTC,906353.0706216183,-239955.10640709678,Cropland,homogeneous,0.3936994454234497
648,36MTD,877662.7512296877,-168818.61745336925,Cropland,homogeneous,0.44533796510086343
649,35MRT,859339.9999791873,-259380.0000302978,Cropland,homogeneous,0.45334421747375
650,35MRT,812299.9999791873,-254900.0000302978,Cropland,homogeneous,0.4659981193769881
651,35MRT,899659.9999791873,-223540.0000302978,Cropland,homogeneous,0.48422002627416066
652,35MQU,786199.9999682134,-208640.00004559453,Cropland,homogeneous,0.3722429710165518
653,35MQU,779479.9999682134,-204160.00004559453,Cropland,homogeneous,0.12299289258403782
654,36MTD,882142.7512296877,-157618.61745336925,Cropland,homogeneous,0.2913579856489251
655,35MRU,877259.9999978954,-157120.00000391336,Cropland,homogeneous,0.32221429549299935
656,35MQU,792919.9999682134,-192960.00004559453,Cropland,homogeneous,0.24119153312807526
657,36MTD,891102.7512296877,-184498.61745336922,Cropland,homogeneous,0.37023274790613
658,35MQT,779479.9999618995,-203380.0000075382,Cropland,homogeneous,0.25151728490407077
659,35MRU,870539.9999978954,-157120.00000391336,Cropland,homogeneous,0.41182929582853695
660,35MQU,770519.9999682134,-201920.00004559453,Cropland,homogeneous,0.46807194964656496
661,35MQU,788439.9999682134,-204160.00004559453,Cropland,homogeneous,0.4900124508177741
662,36MTC,924273.0706216183,-257875.10640709678,Cropland,homogeneous,0.3236278128296564
663,35MQU,786199.9999682134,-201920.00004559453,Cropland,homogeneous,0.24693104203143937
664,35MQU,783959.9999682134,-197440.00004559453,Cropland,moderate,0.5017851863031102
665,35MRT,872779.9999791873,-219060.00003029776,Cropland,moderate,1.1648807766668203
666,35MRT,810059.9999791873,-284020.0000302978,Cropland,moderate,1.0480213924516921
667,35MQT,783959.9999618995,-230260.0000075382,Cropland,moderate,0.6471512922494589
668,35MRU,857099.9999978954,-168320.00000391336,Cropland,moderate,1.0639268007760478
669,35MQT,783959.9999618995,-216820.0000075382,Cropland,moderate,0.6570692639122783
670,35MRT,819019.9999791873,-288500.0000302978,Cropland,moderate,0.7243283772880549
671,36MTC,908593.0706216183,-235475.10640709678,Cropland,moderate,0.9851617569697453
672,35MQT,770519.9999618995,-245940.0000075382,Cropland,moderate,0.7285996688202013
673,35MRT,803339.9999791873,-207860.00003029776,Cropland,moderate,1.0545907697193901
674,35MRT,908619.9999791873,-234740.0000302978,Cropland,moderate,0.846972581859706
675,35MQT,804119.9999618995,-295220.0000075382,Cropland,moderate,1.1662893692944145
676,35MQU,810839.9999682134,-190720.00004559453,Cropland,moderate,0.7306617076571279
677,35MQT,804119.9999618995,-225780.0000075382,Cropland,moderate,1.1667384122221933
678,35MQT,754839.9999618995,-239220.0000075382,Cropland,moderate,0.9953421485331552
679,35MRU,881739.9999978954,-148160.00000391336,Cropland,moderate,0.8674892061525464
680,35MRT,810059.9999791873,-279540.0000302978,Cropland,moderate,0.824080376037702
681,35MQT,732439.9999618995,-284020.0000075382,Cropland,moderate,0.7840199956156002
682,35MQU,754839.9999682134,-197440.00004559453,Cropland,moderate,0.8835647596024752
683,35MQT,759319.9999618995,-245940.0000075382,Cropland,moderate,0.7203513024111229
684,35MQT,707799.9999618995,-281780.0000075382,Cropland,moderate,1.0788256655415354
685,35MRS,812300.0000135569,-303400.0000393959,Cropland,moderate,0.8258756616137753
686,36MTD,870942.7512296876,-132978.61745336925,Cropland,moderate,0.6305241921699378
687,35MRT,825739.9999791873,-288500.0000302978,Cropland,moderate,0.8033986141329812
688,35MRU,866059.9999978954,-197440.00000391336,Cropland,moderate,0.9651754881157828
689,36MTC,904113.0706216183,-210835.10640709675,Cropland,moderate,1.197220340963647
690,36MTD,882142.7512296877,-197938.61745336922,Cropland,moderate,0.8433878251845255
691,35MRT,825739.9999791873,-266100.0000302978,Cropland,moderate,0.9323615571338781
692,35MRU,845899.9999978954,-188480.00000391336,Cropland,moderate,1.0683310619108224
693,35MRU,857099.9999978954,-172800.00000391336,Cropland,moderate,0.9247652357779407
694,35MQT,797399.9999618995,-259380.0000075382,Cropland,moderate,0.9375906931848581
695,35MQT,750359.9999618995,-252660.0000075382,Cropland,moderate,0.9941458724295288
696,36MTC,872753.0706216183,-208595.10640709675,Cropland,moderate,1.1910173015325753
697,35MRU,861579.9999978954,-168320.00000391336,Cropland,moderate,0.9619991408393997
698,35MRT,877259.9999791873,-207860.00003029776,Cropland,moderate,1.1393305163375076
699,36MTD,879902.7512296877,-206898.61745336922,Cropland,moderate,1.154751340998244
700,35MQT,797399.9999618995,-254900.0000075382,Cropland,moderate,0.7699802408863506
701,35MQU,786199.9999682134,-159360.00004559453,Cropland,moderate,0.8693361596970662
702,35MQU,781719.9999682134,-188480.00004559453,Cropland,moderate,0.5149271660381767
703,35MRT,897419.9999791873,-212340.00003029776,Cropland,moderate,0.7819056211669582
704,36MTC,870513.0706216183,-222035.10640709678,Cropland,moderate,1.0292305059525315
705,36MTD,875422.7512296876,-186738.61745336922,Cropland,moderate,1.1089926218800288
706,35MRT,801099.9999791873,-250420.0000302978,Cropland,moderate,0.6916270181182018
707,35MRT,892939.9999791873,-203380.00003029776,Cropland,moderate,1.1595692738580934
708,35MRT,886219.9999791873,-234740.0000302978,Cropland,moderate,1.0595608465957158
709,35MRU,801099.9999978954,-195200.00000391336,Cropland,moderate,1.0482084492996095
710,35MQT,757079.9999618995,-201140.0000075382,Cropland,moderate,1.0057107953930267
711,35MQU,792919.9999682134,-157120.00004559453,Cropland,moderate,0.7887140680800739
712,36MTC,883953.0706216183,-224275.10640709678,Cropland,moderate,0.8035990505139398
713,36MTC,883953.0706216183,-199635.10640709675,Cropland,moderate,0.9831145629073439
714,35MRT,801099.9999791873,-308660.0000302978,Cropland,moderate,0.8670120696449464
715,35MRT,803339.9999791873,-299700.0000302978,Cropland,moderate,1.1391381848509392
716,35MRT,888459.9999791873,-232500.0000302978,Cropland,moderate,0.9679523061543678
717,35MRU,836939.9999978954,-197440.00000391336,Cropland,moderate,1.0506412707954813
718,35MRU,812299.9999978954,-188480.00000391336,Cropland,moderate,0.8405729080103876
719,35MRU,892939.9999978954,-154880.00000391336,Cropland,moderate,0.9003680128424085
720,36MTC,901873.0706216183,-262355.1064070968,Cropland,moderate,0.8829746139268583
721,35MRU,834699.9999978954,-197440.00000391336,Cropland,moderate,0.9426941864339564
722,35MRT,868299.9999791873,-236980.0000302978,Cropland,moderate,0.9359783159231314
723,35MRU,841419.9999978954,-181760.00000391336,Cropland,moderate,1.1341856802728179
724,35MQT,801879.9999618995,-301940.0000075382,Cropland,moderate,1.1955697491762969
725,35MQT,734679.9999618995,-286260.0000075382,Cropland,moderate,0.6456863571644997
726,35MRT,857099.9999791873,-205620.00003029776,Cropland,moderate,0.9258709771852031
727,35MQT,727959.9999618995,-295220.0000075382,Cropland,moderate,0.6157001595651107
728,35MRU,848139.9999978954,-192960.00000391336,Cropland,moderate,1.0368734111479585
729,35MQU,770519.9999682134,-192960.00004559453,Cropland,moderate,0.7250524548744585
730,35MRU,892939.9999978954,-201920.00000391336,Cropland,moderate,1.0225371917233046
731,35MQT,777239.9999618995,-234740.0000075382,Cropland,moderate,0.7988994996372303
732,35MRU,854859.9999978954,-161600.00000391336,Cropland,moderate,0.9096096739174743
733,36MTC,897393.0706216183,-264595.1064070968,Cropland,moderate,1.1633058467458819
734,36MTD,888862.7512296877,-137458.61745336925,Cropland,moderate,0.7980429946239936
735,36MTD,884382.7512296877,-182258.61745336922,Cropland,moderate,0.6767462394111357
736,35MRT,888459.9999791873,-250420.0000302978,Cropland,moderate,1.0544858685755694
737,35MQU,783959.9999682134,-159360.00004559453,Cropland,moderate,0.8357124972049821
738,36MTC,883953.0706216183,-219795.10640709678,Cropland,moderate,1.0047884233591993
739,35MRT,819019.9999791873,-290740.0000302978,Cropland,moderate,0.691232180838016
740,35MRU,801099.9999978954,-181760.00000391336,Cropland,moderate,0.9704595830025383
741,35MRT,890699.9999791873,-239220.0000302978,Cropland,moderate,0.8574642910827276
742,35MRT,892939.9999791873,-201140.00003029776,Cropland,moderate,1.170210844648773
743,36MTC,870513.0706216183,-215315.10640709675,Cropland,moderate,1.085579662588699
744,35MQU,799639.9999682134,-199680.00004559453,Cropland,moderate,1.038270541056797
745,35MRT,883979.9999791873,-243700.0000302978,Cropland,moderate,0.9654518275964591
746,35MQT,745879.9999618995,-252660.0000075382,Cropland,moderate,1.1643711594178543
747,35MRT,888459.9999791873,-203380.00003029776,Cropland,moderate,0.986210583314149
748,35MQT,774999.9999618995,-266100.0000075382,Cropland,moderate,0.9379447695115937
749,35MRU,866059.9999978954,-128000.00000391334,Cropland,moderate,0.8526722275599448
750,35MRT,897419.9999791873,-252660.0000302978,Cropland,moderate,0.9808311837339756
751,35MQT,786199.9999618995,-239220.0000075382,Cropland,moderate,0.6874495053188352
752,35MRU,868299.9999978954,-206400.00000391336,Cropland,moderate,1.065034253011004
753,36MTD,886622.7512296877,-159858.61745336925,Cropland,moderate,0.6003594729931943
754,35MQT,716759.9999618995,-279540.0000075382,Cropland,moderate,0.9753202383578926
755,35MQT,725719.9999618995,-299700.0000075382,Cropland,moderate,0.6677175867112821
756,35MQT,763799.9999618995,-210100.0000075382,Cropland,moderate,1.1827588033039325
757,35MQT,725719.9999618995,-301940.0000075382,Cropland,moderate,0.9565436764142801
758,35MQT,810839.9999618995,-286260.0000075382,Cropland,moderate,0.6408167628771727
759,35MRT,875019.9999791873,-234740.0000302978,Cropland,moderate,0.9888618059345224
760,35MRT,823499.9999791873,-295220.0000302978,Cropland,moderate,0.8170902436650276
761,35MRU,883979.9999978954,-192960.00000391336,Cropland,moderate,0.9342634761255227
762,36MTD,884382.7512296877,-144178.61745336925,Cropland,moderate,1.113181100892482
763,35MQU,783959.9999682134,-161600.00004559453,Cropland,moderate,0.605054768256591
764,35MQT,736919.9999618995,-286260.0000075382,Cropland,moderate,0.8340189447673485
765,35MRU,857099.9999978954,-141440.00000391336,Cropland,moderate,0.8232594468333313
766,35MRS,819020.0000135569,-298920.0000393959,Cropland,moderate,1.0380040305376332
767,35MRT,810059.9999791873,-241460.0000302978,Cropland,moderate,0.6259148584603542
768,36MTD,875422.7512296876,-209138.61745336922,Cropland,moderate,0.9156922756105088
769,35MRS,814540.0000135569,-301160.0000393959,Cropland,moderate,0.7490294147670529
770,35MRT,870539.9999791873,-236980.0000302978,Cropland,moderate,0.7838128963785944
771,35MRU,812299.9999978954,-177280.00000391336,Cropland,moderate,0.9047117099694575
772,35MQU,790679.9999682134,-172800.00004559453,Cropland,moderate,0.9047421170505187
773,35MQU,763799.9999682134,-179520.00004559453,Cropland,moderate,0.9781875363209034
774,35MQT,790679.9999618995,-241460.0000075382,Cropland,moderate,0.8942030335242522
775,35MRT,852619.9999791873,-203380.00003029776,Cropland,moderate,1.0698800699676492
776,35MRT,823499.9999791873,-228020.0000302978,Cropland,moderate,0.7195766027080831
777,35MRU,827979.9999978954,-161600.00000391336,Cropland,moderate,0.8912360035118856
778,35MRU,886219.9999978954,-136960.00000391336,Cropland,moderate,0.9545204350744141
779,35MQS,806359.9999815882,-305640.00004478084,Cropland,moderate,0.8750470221401568
780,35MRT,852619.9999791873,-241460.0000302978,Cropland,moderate,0.6433431709253168
781,35MQT,725719.9999618995,-304180.0000075382,Cropland,moderate,0.6389907047766042
782,35MQT,797399.9999618995,-239220.0000075382,Cropland,moderate,0.9469948507923569
783,35MQU,761559.9999682134,-179520.00004559453,Cropland,moderate,0.9167687484150013
784,35MQT,781719.9999618995,-304180.0000075382,Cropland,moderate,0.8841851988262303
785,35MRU,875019.9999978954,-192960.00000391336,Cropland,moderate,1.0403898601584864
786,36MTD,877662.7512296877,-171058.61745336925,Cropland,moderate,0.983926881746142
787,35MRT,901899.9999791873,-212340.00003029776,Cropland,moderate,1.058192509196921
788,35MQT,766039.9999618995,-245940.0000075382,Cropland,moderate,0.8194460669864303
789,35MRS,807820.0000135569,-307880.0000393959,Cropland,moderate,1.041542873239437
790,35MRT,812299.9999791873,-290740.0000302978,Cropland,moderate,1.00638908173896
791,36MTD,886622.7512296877,-139698.61745336925,Cropland,moderate,0.5936019107652352
792,36MTC,868273.0706216183,-224275.10640709678,Cropland,moderate,0.6701323472849138
793,35MQT,766039.9999618995,-270580.0000075382,Cropland,moderate,0.697231651831933
794,36MTC,886193.0706216183,-253395.10640709678,Cropland,moderate,1.0874886625285094
795,35MRU,895179.9999978954,-150400.00000391336,Cropland,moderate,1.0947599663237897
796,36MTC,895153.0706216183,-217555.10640709675,Cropland,moderate,0.8910394776575556
797,35MQT,783959.9999618995,-252660.0000075382,Cropland,moderate,0.7844590703559453
798,35MRT,906379.9999791873,-241460.0000302978,Cropland,moderate,0.5021190640321606
799,35MQT,766039.9999618995,-254900.0000075382,Cropland,moderate,0.6841908507510279
800,35MRT,892939.9999791873,-225780.0000302978,Cropland,moderate,0.9929246325839217
801,35MRT,821259.9999791873,-268340.0000302978,Cropland,moderate,0.6027151873055576
802,35MRU,801099.9999978954,-177280.00000391336,Cropland,moderate,1.0817619751545149
803,35MQT,725719.9999618995,-270580.0000075382,Cropland,moderate,1.0832717506931033
804,35MRT,901899.9999791873,-230260.0000302978,Cropland,moderate,0.9511495201840471
805,35MQU,806359.9999682134,-150400.00004559453,Cropland,moderate,0.9674595045074355
806,35MRU,857099.9999978954,-145920.00000391336,Cropland,moderate,0.7460546634750257
807,35MRT,821259.9999791873,-239220.0000302978,Cropland,moderate,0.6027454799308458
808,35MRT,888459.9999791873,-259380.0000302978,Cropland,moderate,1.168559614154164
809,35MQT,766039.9999618995,-252660.0000075382,Cropland,moderate,0.7691179611060992
810,35MQT,797399.9999618995,-198900.0000075382,Cropland,moderate,0.9517891007893788
811,36MTD,895582.7512296877,-204658.61745336922,Cropland,moderate,1.115802505256104
812,35MRT,866059.9999791873,-230260.0000302978,Cropland,moderate,0.9031236940862616
813,35MQT,777239.9999618995,-257140.0000075382,Cropland,moderate,0.8209685008909249
814,35MQT,792919.9999618995,-299700.0000075382,Cropland,moderate,1.0433152361946323
815,35MQU,754839.9999682134,-190720.00004559453,Cropland,moderate,0.8332308289824197
816,35MRT,801099.9999791873,-207860.00003029776,Cropland,moderate,1.0767351967551553
817,35MRT,832459.9999791873,-210100.00003029776,Cropland,moderate,1.059928493712124
818,35MRT,825739.9999791873,-212340.00003029776,Cropland,moderate,1.0200614153828533
819,36MTC,906353.0706216183,-219795.10640709678,Cropland,moderate,1.0418226262845383
820,35MQT,808599.9999618995,-207860.0000075382,Cropland,moderate,0.8283262619237267
821,36MTC,888433.0706216183,-204115.10640709675,Cropland,moderate,1.1614921496038075
822,35MQU,806359.9999682134,-184000.00004559453,Cropland,moderate,0.9359849389169802
823,36MTC,890673.0706216183,-222035.10640709678,Cropland,moderate,0.8969507976610829
824,35MRU,803339.9999978954,-172800.00000391336,Cropland,moderate,1.090136937936603
825,35MRT,803339.9999791873,-239220.0000302978,Cropland,moderate,0.989639276318881
826,35MRU,807819.9999978954,-201920.00000391336,Cropland,moderate,0.8336791580960581
827,35MQU,757079.9999682134,-186240.00004559453,Cropland,moderate,0.9828566328647008
828,35MQU,790679.9999682134,-188480.00004559453,Cropland,moderate,0.8383524647084069
829,35MQT,741399.9999618995,-288500.0000075382,Cropland,moderate,0.6607222158875871
830,36MTD,879902.7512296877,-182258.61745336922,Cropland,moderate,0.7920730228601054
831,35MRU,839179.9999978954,-177280.00000391336,Cropland,moderate,1.0845007613336293
832,35MRT,814539.9999791873,-257140.0000302978,Cropland,moderate,0.7133481540912953
833,36MTD,884382.7512296877,-200178.61745336922,Cropland,moderate,1.0076732718728798
834,36MTC,890673.0706216183,-244435.10640709678,Cropland,moderate,0.9065926129059465
835,36MTC,888433.0706216183,-224275.10640709678,Cropland,moderate,0.9345099460889
836,35MQU,754839.9999682134,-181760.00004559453,Cropland,moderate,0.9671544343127827
837,35MQU,799639.9999682134,-206400.00004559453,Cropland,moderate,1.101109769831708
838,35MQT,774999.9999618995,-250420.0000075382,Cropland,moderate,0.5438975747691249
839,36MTC,877233.0706216183,-208595.10640709675,Cropland,moderate,1.0169642153212863
840,35MQT,772759.9999618995,-221300.0000075382,Cropland,moderate,0.9059671475680765
841,35MRS,812300.0000135569,-298920.0000393959,Cropland,moderate,0.8456990034585224
842,35MQT,768279.9999618995,-252660.0000075382,Cropland,moderate,0.8958019760785662
843,35MQT,768279.9999618995,-214580.0000075382,Cropland,moderate,0.8712823908564632
844,35MQT,792919.9999618995,-306420.0000075382,Cropland,moderate,0.9706172281750713
845,35MQT,723479.9999618995,-277300.0000075382,Cropland,moderate,1.0584153340766016
846,35MRU,854859.9999978954,-181760.00000391336,Cropland,moderate,1.0956739925165353
847,35MQT,801879.9999618995,-304180.0000075382,Cropland,moderate,1.0626693481498273
848,35MQT,801879.9999618995,-198900.0000075382,Cropland,moderate,1.0949317502495646
849,35MQT,790679.9999618995,-252660.0000075382,Cropland,moderate,0.9774378628663606
850,36MTC,895153.0706216183,-233235.10640709678,Cropland,moderate,1.0098853619160246
851,35MRT,810059.9999791873,-239220.0000302978,Cropland,moderate,0.9775234588283204
852,35MQT,795159.9999618995,-232500.0000075382,Cropland,moderate,1.1511434340598214
853,36MTD,873182.7512296876,-124018.61745336924,Cropland,moderate,1.1242796844836551
854,35MQU,801879.9999682134,-190720.00004559453,Cropland,moderate,0.5497591359820242
855,35MQT,797399.9999618995,-225780.0000075382,Cropland,moderate,1.1144027795821652
856,35MRT,866059.9999791873,-214580.00003029776,Cropland,moderate,0.9971210157000605
857,35MRT,839179.9999791873,-259380.0000302978,Cropland,moderate,1.191198373429355
858,35MRT,908619.9999791873,-261620.0000302978,Cropland,moderate,1.1370835883633779
859,35MRU,861579.9999978954,-197440.00000391336,Cropland,moderate,0.9542269249152389
860,35MQT,797399.9999618995,-201140.0000075382,Cropland,moderate,0.9488080624763839
861,35MQT,788439.9999618995,-254900.0000075382,Cropland,moderate,0.785344451159564
862,35MQT,804119.9999618995,-205620.0000075382,Cropland,moderate,1.021740436977669
863,35MQT,777239.9999618995,-221300.0000075382,Cropland,moderate,0.9328579552813632
864,35MQT,795159.9999618995,-306420.0000075382,Cropland,moderate,0.8394059667643521
865,35MRT,801099.9999791873,-201140.00003029776,Cropland,moderate,1.0135777116297113
866,35MRT,805579.9999791873,-219060.00003029776,Cropland,moderate,1.0686980625774136
867,35MRT,816779.9999791873,-292980.0000302978,Cropland,moderate,0.9634013514068859
868,35MQS,770519.9999815882,-301160.00004478084,Cropland,moderate,0.9266780421062665
869,35MRU,875019.9999978954,-179520.00000391336,Cropland,moderate,0.8819610710405561
870,35MQT,743639.9999618995,-288500.0000075382,Cropland,moderate,0.7092968496670764
871,35MRU,816779.9999978954,-145920.00000391336,Cropland,moderate,0.524800856985309
872,35MQU,788439.9999682134,-188480.00004559453,Cropland,moderate,0.6839518124414371
873,35MQU,783959.9999682134,-190720.00004559453,Cropland,moderate,0.8686112054887422
874,36MTC,901873.0706216183,-251155.10640709678,Cropland,moderate,0.8727607971449706
875,36MTC,886193.0706216183,-222035.10640709678,Cropland,moderate,0.9465728287239112
876,35MQT,772759.9999618995,-243700.0000075382,Cropland,moderate,0.6923700022867753
877,35MRU,805579.9999978954,-188480.00000391336,Cropland,moderate,0.9342722781222852
878,35MRT,857099.9999791873,-243700.0000302978,Cropland,moderate,0.6980913481822878
879,35MQT,797399.9999618995,-207860.0000075382,Cropland,moderate,1.1100676787955177
880,35MQT,743639.9999618995,-257140.0000075382,Cropland,moderate,0.9605875608023827
881,35MRT,839179.9999791873,-236980.0000302978,Cropland,moderate,1.0303933166946786
882,35MQS,799639.9999815882,-298920.00004478084,Cropland,moderate,1.0752734940904527
883,35MQT,788439.9999618995,-236980.0000075382,Cropland,moderate,0.9432765860251286
884,35MRT,881739.9999791873,-243700.0000302978,Cropland,moderate,0.8856714558583358
885,35MRS,801100.0000135569,-305640.0000393959,Cropland,moderate,1.1212544801347628
886,36MTD,879902.7512296877,-132978.61745336925,Cropland,moderate,1.003898334544019
887,35MQS,781719.9999815882,-305640.00004478084,Cropland,moderate,0.9108908923002281
888,35MQT,763799.9999618995,-241460.0000075382,Cropland,moderate,0.7909802893521368
889,35MRT,899659.9999791873,-221300.0000302978,Cropland,moderate,0.6781190157454193
890,35MQS,723479.9999815882,-301160.00004478084,Cropland,moderate,0.71959819237517
891,35MQT,795159.9999618995,-301940.0000075382,Cropland,moderate,1.0702907579640089
892,35MQU,761559.9999682134,-195200.00004559453,Cropland,moderate,0.971597202929545
893,35MRT,801099.9999791873,-212340.00003029776,Cropland,moderate,1.1891257407933002
894,35MRT,845899.9999791873,-248180.0000302978,Cropland,moderate,1.0500053278202879
895,35MQT,795159.9999618995,-241460.0000075382,Cropland,moderate,0.8642588282031394
896,35MRT,805579.9999791873,-306420.0000302978,Cropland,moderate,0.9941273230995522
897,35MQT,718999.9999618995,-279540.0000075382,Cropland,moderate,1.1097263960556016
898,35MQT,808599.9999618995,-270580.0000075382,Cropland,moderate,1.1800170725372034
899,35MRU,857099.9999978954,-195200.00000391336,Cropland,moderate,1.19737852175429
900,35MRU,854859.9999978954,-190720.00000391336,Cropland,moderate,1.098500284958181
901,35MQU,777239.9999682134,-177280.00004559453,Cropland,moderate,0.8888259743649515
902,35MQT,730199.9999618995,-286260.0000075382,Cropland,moderate,0.9581793712283998
903,35MRT,816779.9999791873,-221300.0000302978,Cropland,moderate,0.8367209604802582
904,35MRU,890699.9999978954,-195200.00000391336,Cropland,moderate,0.8888016940276291
905,35MQT,783959.9999618995,-219060.0000075382,Cropland,moderate,0.6209177912976493
906,36MTC,888433.0706216183,-246675.10640709678,Cropland,moderate,0.7990631933244552
907,35MQU,783959.9999682134,-168320.00004559453,Cropland,moderate,0.824454042745357
908,35MRT,814539.9999791873,-261620.0000302978,Cropland,moderate,0.6254396717452022
909,35MRT,904139.9999791873,-239220.0000302978,Cropland,moderate,0.684769002350926
910,35MRT,879499.9999791873,-239220.0000302978,Cropland,moderate,0.94730241495458
911,36MTD,893342.7512296877,-197938.61745336922,Cropland,moderate,0.9649628003043281
912,35MRT,803339.9999791873,-241460.0000302978,Cropland,moderate,0.9549563792540234
913,35MRT,901899.9999791873,-223540.0000302978,Cropland,moderate,0.6356193981953233
914,36MTC,899633.0706216183,-248915.10640709678,Cropland,moderate,1.0533470288649158
915,35MRT,836939.9999791873,-241460.0000302978,Cropland,moderate,0.97889447822265
916,35MQT,797399.9999618995,-219060.0000075382,Cropland,moderate,0.9423956636533006
917,35MRU,872779.9999978954,-188480.00000391336,Cropland,moderate,0.751477285442406
918,36MTC,872753.0706216183,-226515.10640709678,Cropland,moderate,0.7679322484411375
919,36MTC,881713.0706216183,-242195.10640709678,Cropland,moderate,0.8026434720828136
920,35MQT,804119.9999618995,-308660.0000075382,Cropland,moderate,1.014363772425413
921,35MQT,763799.9999618995,-236980.0000075382,Cropland,moderate,0.7425915416123511
922,35MQU,804119.9999682134,-186240.00004559453,Cropland,moderate,0.9098815874925807
923,35MRS,810060.0000135569,-305640.0000393959,Cropland,moderate,1.1356497757818995
924,35MQU,797399.9999682134,-161600.00004559453,Cropland,moderate,0.8870891207498975
925,36MTC,886193.0706216183,-237715.10640709678,Cropland,moderate,0.8188556456791302
926,36MTD,884382.7512296877,-186738.61745336922,Cropland,moderate,1.0724979576935683
927,35MRT,816779.9999791873,-243700.0000302978,Cropland,moderate,0.7498911701737309
928,35MQS,810839.9999815882,-303400.00004478084,Cropland,moderate,0.9856743020738152
929,35MRU,870539.9999978954,-208640.00000391336,Cropland,moderate,1.00186427907148
930,36MTC,886193.0706216183,-230995.10640709678,Cropland,moderate,0.9310803852040284
931,35MQT,763799.9999618995,-239220.0000075382,Cropland,moderate,0.7900653549078334
932,35MQU,783959.9999682134,-195200.00004559453,Cropland,moderate,0.6001612316429088
933,35MRU,888459.9999978954,-157120.00000391336,Cropland,moderate,0.7002547376893181
934,35MQT,799639.9999618995,-221300.0000075382,Cropland,moderate,1.173114550808698
935,35MQT,795159.9999618995,-219060.0000075382,Cropland,moderate,0.9007555172414842
936,35MQT,810839.9999618995,-201140.0000075382,Cropland,moderate,0.8160730101241565
937,35MQT,801879.9999618995,-266100.0000075382,Cropland,moderate,0.8358375819143291
938,35MQT,781719.9999618995,-268340.0000075382,Cropland,moderate,0.7721094919524334
939,35MRU,812299.9999978954,-154880.00000391336,Cropland,moderate,1.073527532712604
940,35MRU,841419.9999978954,-195200.00000391336,Cropland,moderate,1.1159703303126125
941,35MQT,774999.9999618995,-236980.0000075382,Cropland,moderate,0.6929184429275592
942,35MQU,763799.9999682134,-206400.00004559453,Cropland,moderate,0.9505678345564451
943,35MQT,792919.9999618995,-228020.0000075382,Cropland,moderate,1.1305127065763663
944,35MRU,830219.9999978954,-195200.00000391336,Cropland,moderate,1.0938098608997886
945,35MRU,866059.9999978954,-168320.00000391336,Cropland,moderate,0.6994578957155968
946,35MRT,899659.9999791873,-234740.0000302978,Cropland,moderate,0.7453828129883948
947,35MQT,790679.9999618995,-236980.0000075382,Cropland,moderate,0.8737174010535844
948,35MQU,781719.9999682134,-192960.00004559453,Cropland,moderate,1.0761002429405857
949,35MRT,854859.9999791873,-234740.0000302978,Cropland,moderate,1.0433076387619997
950,35MQT,770519.9999618995,-207860.0000075382,Cropland,moderate,0.9026230133902546
951,36MTD,877662.7512296877,-119538.61745336924,Cropland,moderate,0.6330470178496925
952,35MQS,799639.9999815882,-301160.00004478084,Cropland,moderate,1.0416988534770437
953,35MRT,879499.9999791873,-223540.0000302978,Cropland,moderate,1.1855101989462533
954,35MRU,821259.9999978954,-201920.00000391336,Cropland,moderate,1.0536159171631403
955,35MRT,812299.9999791873,-295220.0000302978,Cropland,moderate,0.9307965589394915
956,35MRU,805579.9999978954,-179520.00000391336,Cropland,moderate,0.8434558760603117
957,36MTC,906353.0706216183,-215315.10640709675,Cropland,moderate,0.9302197886002691
958,36MTC,872753.0706216183,-239955.10640709678,Cropland,moderate,0.9915383267236315
959,36MTC,917553.0706216183,-233235.10640709678,Cropland,moderate,1.113704675667645
960,35MQU,795159.9999682134,-181760.00004559453,Cropland,moderate,0.9493533094166018
961,35MQU,788439.9999682134,-168320.00004559453,Cropland,moderate,0.9424282698556263
962,36MTD,886622.7512296877,-132978.61745336925,Cropland,moderate,0.9009075667156695
963,35MRU,863819.9999978954,-170560.00000391336,Cropland,moderate,0.6488417230976518
964,35MRU,870539.9999978954,-139200.00000391336,Cropland,moderate,0.8167765788597765
965,35MRT,827979.9999791873,-228020.0000302978,Cropland,moderate,0.721329165012069
966,35MQT,804119.9999618995,-216820.0000075382,Cropland,moderate,0.8537609351510769
967,35MRU,805579.9999978954,-192960.00000391336,Cropland,moderate,1.0446863954667505
968,36MTD,875422.7512296876,-146418.61745336925,Cropland,moderate,0.7852505363423972
969,35MRT,805579.9999791873,-212340.00003029776,Cropland,moderate,1.1058551999388553
970,35MQT,788439.9999618995,-225780.0000075382,Cropland,moderate,0.5590610436061592
971,35MRT,886219.9999791873,-225780.0000302978,Cropland,moderate,0.8858344294071893
972,35MQS,797399.9999815882,-303400.00004478084,Cropland,moderate,1.0443561063317526
973,35MQT,779479.9999618995,-225780.0000075382,Cropland,moderate,0.965815902326606
974,35MRT,908619.9999791873,-241460.0000302978,Cropland,moderate,1.0190497017352609
975,35MRT,805579.9999791873,-216820.00003029776,Cropland,moderate,1.0213576055059124
976,36MTC,877233.0706216183,-219795.10640709678,Cropland,moderate,0.8136540688303973
977,36MTC,870513.0706216183,-210835.10640709675,Cropland,moderate,1.1101725320271802
978,35MRU,881739.9999978954,-177280.00000391336,Cropland,moderate,0.8745026862207981
979,35MQS,768279.9999815882,-301160.00004478084,Cropland,moderate,0.8888694088564807
980,35MQU,783959.9999682134,-163840.00004559453,Cropland,moderate,0.9644563248354809
981,35MQU,799639.9999682134,-190720.00004559453,Cropland,moderate,0.8045132004121424
982,35MRT,888459.9999791873,-257140.0000302978,Cropland,moderate,1.147602193148829
983,35MQU,774999.9999682134,-204160.00004559453,Cropland,moderate,0.7045957608029021
984,36MTC,895153.0706216183,-244435.10640709678,Cropland,moderate,1.1183115235578829
985,36MTD,870942.7512296876,-146418.61745336925,Cropland,moderate,1.035980439008245
986,36MTC,901873.0706216183,-217555.10640709675,Cropland,moderate,1.0088064139324158
987,35MRU,854859.9999978954,-206400.00000391336,Cropland,moderate,0.9079912611693444
988,35MRT,868299.9999791873,-225780.0000302978,Cropland,moderate,0.8354895046366956
989,35MRT,883979.9999791873,-221300.0000302978,Cropland,moderate,0.9812066159253162
990,35MRT,886219.9999791873,-228020.0000302978,Cropland,moderate,0.9908958051226782
991,35MRS,807820.0000135569,-303400.0000393959,Cropland,moderate,0.8695787738552265
992,35MRU,807819.9999978954,-184000.00000391336,Cropland,moderate,1.1281529180084806
993,35MRT,819019.9999791873,-236980.0000302978,Cropland,moderate,0.6201226310706783
994,35MRU,890699.9999978954,-148160.00000391336,Cropland,moderate,0.7850365288530395
995,35MRT,803339.9999791873,-297460.0000302978,Cropland,moderate,1.1544967953024323
996,35MRT,821259.9999791873,-261620.0000302978,Cropland,moderate,1.1049990361821227
997,35MQS,792919.9999815882,-305640.00004478084,Cropland,moderate,0.9522462944273906
998,35MRU,805579.9999978954,-184000.00000391336,Cropland,moderate,0.9381306821115786
999,36MTC,899633.0706216183,-253395.10640709678,Cropland,moderate,1.1021740767830728
1000,35MQT,772759.9999618995,-308660.0000075382,Cropland,moderate,1.1010357550871852
1001,35MQT,795159.9999618995,-261620.0000075382,Cropland,moderate,0.673719476659073
1002,35MRT,872779.9999791873,-236980.0000302978,Cropland,moderate,1.0740362012672533
1003,35MRT,848139.9999791873,-205620.00003029776,Cropland,moderate,1.0292770061171437
1004,35MRU,810059.9999978954,-188480.00000391336,Cropland,moderate,0.7989097164915435
1005,35MRT,805579.9999791873,-203380.00003029776,Cropland,moderate,0.904728430172371
1006,35MQT,801879.9999618995,-252660.0000075382,Cropland,moderate,0.9053879395629303
1007,35MRT,801099.9999791873,-248180.0000302978,Cropland,moderate,0.8610004663097295
1008,35MQU,801879.9999682134,-206400.00004559453,Cropland,moderate,0.8819310903072949
1009,35MRT,908619.9999791873,-248180.0000302978,Cropland,moderate,0.8960225913208048
1010,35MRT,848139.9999791873,-241460.0000302978,Cropland,moderate,0.8388832266030387
1011,35MQT,790679.9999618995,-266100.0000075382,Cropland,moderate,0.9346644769453597
1012,35MRT,819019.9999791873,-277300.0000302978,Cropland,moderate,0.9465965425981347
1013,35MRU,801099.9999978954,-175040.00000391336,Cropland,moderate,1.0591259066998189
1014,35MRT,805579.9999791873,-268340.0000302978,Cropland,moderate,1.0332794578623559
1015,35MRT,836939.9999791873,-225780.0000302978,Cropland,moderate,1.013548101568097
1016,35MQU,770519.9999682134,-172800.00004559453,Cropland,moderate,0.8826937616215421
1017,35MQT,797399.9999618995,-221300.0000075382,Cropland,moderate,1.1387281985653068
1018,35MQU,786199.9999682134,-166080.00004559453,Cropland,moderate,1.0070360304813062
1019,35MRT,879499.9999791873,-232500.0000302978,Cropland,moderate,1.1861354662082069
1020,35MQT,721239.9999618995,-275060.0000075382,Cropland,moderate,0.9266732434751679
1021,35MRU,863819.9999978954,-190720.00000391336,Cropland,moderate,0.7747987446819001
1022,35MQT,795159.9999618995,-250420.0000075382,Cropland,moderate,0.7360083452255379
1023,35MRT,886219.9999791873,-232500.0000302978,Cropland,moderate,0.9471352210773506
1024,36MTC,897393.0706216183,-224275.10640709678,Cropland,moderate,1.0871823874915492
1025,35MRT,807819.9999791873,-201140.00003029776,Cropland,moderate,1.0353368310286364
1026,35MQT,795159.9999618995,-225780.0000075382,Cropland,moderate,0.887570536630459
1027,36MTC,897393.0706216183,-255635.10640709678,Cropland,moderate,0.873974043789953
1028,36MTD,868702.7512296876,-197938.61745336922,Cropland,moderate,0.8305877474587781
1029,35MRT,908619.9999791873,-245940.0000302978,Cropland,moderate,0.839113511813415
1030,35MRU,870539.9999978954,-199680.00000391336,Cropland,moderate,0.8124906793659404
1031,35MRU,816779.9999978954,-204160.00000391336,Cropland,moderate,0.8489974539943377
1032,35MRT,848139.9999791873,-234740.0000302978,Cropland,moderate,0.6241722271373611
1033,36MTC,906353.0706216183,-226515.10640709678,Cropland,moderate,0.8074546281357444
1034,35MQU,757079.9999682134,-201920.00004559453,Cropland,moderate,0.9678861280052842
1035,35MRU,872779.9999978954,-125760.00000391334,Cropland,moderate,1.1654067821630685
1036,35MQT,801879.9999618995,-223540.0000075382,Cropland,moderate,1.1861589267191386
1037,35MQT,801879.9999618995,-257140.0000075382,Cropland,moderate,0.963099526526321
1038,35MRT,810059.9999791873,-257140.0000302978,Cropland,moderate,0.9889255108352222
1039,35MRU,881739.9999978954,-181760.00000391336,Cropland,moderate,0.5595165483699411
1040,35MQT,774999.9999618995,-230260.0000075382,Cropland,moderate,0.9074424988374395
1041,35MQT,766039.9999618995,-219060.0000075382,Cropland,moderate,1.030965675091571
1042,35MRU,825739.9999978954,-163840.00000391336,Cropland,moderate,0.9725089822280379
1043,35MQU,779479.9999682134,-195200.00004559453,Cropland,moderate,0.6407932625718779
1044,35MRT,814539.9999791873,-299700.0000302978,Cropland,moderate,0.7007218986120116
1045,35MQU,797399.9999682134,-201920.00004559453,Cropland,moderate,1.018888069030498
1046,35MQT,721239.9999618995,-270580.0000075382,Cropland,moderate,0.9977935004810037
1047,35MRT,852619.9999791873,-261620.0000302978,Cropland,moderate,0.720681275825972
1048,35MRT,901899.9999791873,-243700.0000302978,Cropland,moderate,0.963081514399629
1049,35MRT,827979.9999791873,-214580.00003029776,Cropland,moderate,1.0383062232731375
1050,35MRT,883979.9999791873,-210100.00003029776,Cropland,moderate,1.0501708825787746
1051,35MQT,786199.9999618995,-245940.0000075382,Cropland,moderate,1.1019000340789304
1052,35MQT,810839.9999618995,-261620.0000075382,Cropland,moderate,0.8776162975538945
1053,35MRT,859339.9999791873,-241460.0000302978,Cropland,moderate,0.992082929090352
1054,36MTC,908593.0706216183,-224275.10640709678,Cropland,moderate,0.5734481811800317
1055,35MRT,825739.9999791873,-223540.0000302978,Cropland,moderate,0.9508796612318731
1056,35MRT,827979.9999791873,-225780.0000302978,Cropland,moderate,0.8308307168252955
1057,35MQS,781719.9999815882,-307880.00004478084,Cropland,moderate,0.9813809086000065
1058,35MRU,863819.9999978954,-166080.00000391336,Cropland,moderate,1.0445904273976099
1059,35MRU,888459.9999978954,-184000.00000391336,Cropland,moderate,0.6983117429473329
1060,35MQU,795159.9999682134,-188480.00004559453,Cropland,moderate,0.9050772324466184
1061,36MTD,873182.7512296876,-137458.61745336925,Cropland,moderate,0.5926463596539668
1062,36MTC,926513.0706216183,-260115.10640709678,Cropland,moderate,0.9546391050545793
1063,35MQT,783959.9999618995,-279540.0000075382,Cropland,moderate,0.9845959785268854
1064,35MQU,761559.9999682134,-172800.00004559453,Cropland,moderate,0.8934868542444641
1065,35MRT,881739.9999791873,-225780.0000302978,Cropland,moderate,1.1468454044112044
1066,36MTC,897393.0706216183,-237715.10640709678,Cropland,moderate,1.0440962123660262
1067,35MRT,819019.9999791873,-216820.00003029776,Cropland,moderate,1.0583273564526248
1068,36MTD,868702.7512296876,-148658.61745336925,Cropland,moderate,0.5777658002516383
1069,36MTD,873182.7512296876,-132978.61745336925,Cropland,moderate,0.628483715061585
1070,35MRT,875019.9999791873,-216820.00003029776,Cropland,moderate,1.0875324618235995
1071,36MTC,890673.0706216183,-262355.1064070968,Cropland,moderate,1.1380079925409758
1072,36MTC,890673.0706216183,-246675.10640709678,Cropland,moderate,0.9246688853703287
1073,36MTD,891102.7512296877,-202418.61745336922,Cropland,moderate,0.8378994818305661
1074,35MRT,803339.9999791873,-245940.0000302978,Cropland,moderate,1.0765467732704082
1075,35MQT,799639.9999618995,-254900.0000075382,Cropland,moderate,0.7711721939511293
1076,35MRT,810059.9999791873,-261620.0000302978,Cropland,moderate,0.811227369267357
1077,35MRU,801099.9999978954,-192960.00000391336,Cropland,moderate,1.141352060010618
1078,35MRU,845899.9999978954,-168320.00000391336,Cropland,moderate,1.1805113789166055
1079,35MQT,748119.9999618995,-250420.0000075382,Cropland,moderate,0.8839553570576727
1080,36MTD,873182.7512296876,-144178.61745336925,Cropland,moderate,0.9328304878855445
1081,35MQT,804119.9999618995,-245940.0000075382,Cropland,moderate,1.084647235308141
1082,35MRU,805579.9999978954,-190720.00000391336,Cropland,moderate,1.0670280003447912
1083,35MQT,799639.9999618995,-288500.0000075382,Cropland,moderate,1.0514762882136197
1084,35MRT,821259.9999791873,-299700.0000302978,Cropland,moderate,0.7923117027968921
1085,35MQT,727959.9999618995,-286260.0000075382,Cropland,moderate,0.9366836764213979
1086,36MTD,873182.7512296876,-159858.61745336925,Cropland,moderate,0.6093863222295804
1087,35MQS,774999.9999815882,-307880.00004478084,Cropland,moderate,1.0654946206100318
1088,35MQT,768279.9999618995,-203380.0000075382,Cropland,moderate,1.1252508173969462
1089,36MTC,892913.0706216183,-206355.10640709675,Cropland,moderate,0.8998893439989551
1090,35MQT,801879.9999618995,-272820.0000075382,Cropland,moderate,1.0664681095269057
1091,36MTC,924273.0706216183,-237715.10640709678,Cropland,moderate,1.1230715951065444
1092,35MRT,821259.9999791873,-252660.0000302978,Cropland,moderate,0.8153793929547233
1093,35MQU,779479.9999682134,-170560.00004559453,Cropland,moderate,0.7731348232761379
1094,35MRU,823499.9999978954,-188480.00000391336,Cropland,moderate,1.1805184239976851
1095,35MQT,770519.9999618995,-212340.0000075382,Cropland,moderate,0.9952651467044691
1096,35MRU,805579.9999978954,-197440.00000391336,Cropland,moderate,1.0839775772619031
1097,35MRS,803340.0000135569,-307880.0000393959,Cropland,moderate,1.1341825473659501
1098,35MRS,812300.0000135569,-305640.0000393959,Cropland,moderate,1.0635778310671529
1099,35MQT,781719.9999618995,-241460.0000075382,Cropland,moderate,0.5893828712433355
1100,35MQT,781719.9999618995,-219060.0000075382,Cropland,moderate,0.6784638690630231
1101,36MTC,917553.0706216183,-260115.10640709678,Cropland,moderate,1.1761105306974624
1102,36MTD,891102.7512296877,-193458.61745336922,Cropland,moderate,0.9107145192602206
1103,35MRT,892939.9999791873,-219060.00003029776,Cropland,moderate,0.7679951121623099
1104,35MRT,859339.9999791873,-250420.0000302978,Cropland,moderate,0.7577863168826731
1105,35MRU,866059.9999978954,-192960.00000391336,Cropland,moderate,0.7791129328317022
1106,35MQS,786199.9999815882,-303400.00004478084,Cropland,moderate,1.146275121229389
1107,36MTD,884382.7512296877,-191218.61745336922,Cropland,moderate,0.9334397973270268
1108,36MTC,922033.0706216183,-239955.10640709678,Cropland,moderate,0.8968808679095756
1109,35MQT,777239.9999618995,-236980.0000075382,Cropland,moderate,0.6212241008564393
1110,35MQS,786199.9999815882,-310120.00004478084,Cropland,moderate,0.8803928294748546
1111,35MQT,781719.9999618995,-257140.0000075382,Cropland,moderate,0.9880803933763833
1112,35MRT,803339.9999791873,-201140.00003029776,Cropland,moderate,0.9333061105586022
1113,35MRU,875019.9999978954,-188480.00000391336,Cropland,moderate,0.9288158924920084
1114,36MTC,877233.0706216183,-217555.10640709675,Cropland,moderate,0.9936406252849962
1115,35MRT,807819.9999791873,-243700.0000302978,Cropland,moderate,0.9034253630582534
1116,35MRT,834699.9999791873,-248180.0000302978,Cropland,moderate,0.881358743478671
1117,35MQT,777239.9999618995,-263860.0000075382,Cropland,moderate,0.9213995209187121
1118,35MRT,870539.9999791873,-234740.0000302978,Cropland,moderate,1.0547549341229026
1119,35MRT,816779.9999791873,-232500.0000302978,Cropland,moderate,0.6313187555724493
1120,35MQT,754839.9999618995,-248180.0000075382,Cropland,moderate,0.954661536483918
1121,35MQU,799639.9999682134,-168320.00004559453,Cropland,moderate,0.7981498832963139
1122,35MRT,825739.9999791873,-257140.0000302978,Cropland,moderate,0.7828481570185992
1123,35MRT,901899.9999791873,-252660.0000302978,Cropland,moderate,1.0179075462889036
1124,35MQU,770519.9999682134,-206400.00004559453,Cropland,moderate,1.0177759539596785
1125,35MQT,792919.9999618995,-223540.0000075382,Cropland,moderate,0.9379325076875495
1126,36MTC,892913.0706216183,-260115.10640709678,Cropland,moderate,0.907066009909408
1127,35MRT,906379.9999791873,-219060.00003029776,Cropland,moderate,1.089008721927679
1128,35MQT,779479.9999618995,-243700.0000075382,Cropland,moderate,0.755828505996257
1129,35MQT,766039.9999618995,-230260.0000075382,Cropland,moderate,1.122509083010496
1130,35MRU,883979.9999978954,-148160.00000391336,Cropland,moderate,0.735197264426305
1131,36MTC,895153.0706216183,-228755.10640709678,Cropland,moderate,0.8029131430751726
1132,35MRT,888459.9999791873,-207860.00003029776,Cropland,moderate,1.0695558986258156
1133,35MRT,827979.9999791873,-259380.0000302978,Cropland,moderate,0.73912536010981
1134,35MRT,819019.9999791873,-272820.0000302978,Cropland,moderate,0.8446728122539651
1135,35MRU,854859.9999978954,-197440.00000391336,Cropland,moderate,0.9775358188240342
1136,35MRT,897419.9999791873,-210100.00003029776,Cropland,moderate,1.1278389065079109
1137,36MTC,904113.0706216183,-237715.10640709678,Cropland,moderate,0.8814574323918376
1138,35MQT,783959.9999618995,-225780.0000075382,Cropland,moderate,0.6665631615294098
1139,35MRT,834699.9999791873,-201140.00003029776,Cropland,moderate,0.9970493692357596
1140,35MQU,766039.9999682134,-204160.00004559453,Cropland,moderate,1.117984337921174
1141,35MRT,863819.9999791873,-221300.0000302978,Cropland,moderate,1.1227713495264995
1142,35MQT,795159.9999618995,-299700.0000075382,Cropland,moderate,1.0650228169340126
1143,35MQT,777239.9999618995,-272820.0000075382,Cropland,moderate,1.1283378574315241
1144,35MRT,852619.9999791873,-221300.0000302978,Cropland,moderate,1.1679479576681029
1145,35MRU,834699.9999978954,-181760.00000391336,Cropland,moderate,0.8765917673074165
1146,35MQT,766039.9999618995,-266100.0000075382,Cropland,moderate,0.9416683181146676
1147,35MRT,839179.9999791873,-241460.0000302978,Cropland,moderate,0.8132052148625573
1148,36MTC,904113.0706216183,-239955.10640709678,Cropland,moderate,0.6740336938125123
1149,35MRU,845899.9999978954,-184000.00000391336,Cropland,moderate,1.187918230219888
1150,35MRT,843659.9999791873,-266100.0000302978,Cropland,moderate,1.0823218609820422
1151,36MTC,890673.0706216183,-233235.10640709678,Cropland,moderate,1.0461690390495864
1152,35MRT,866059.9999791873,-225780.0000302978,Cropland,moderate,0.8273503111442144
1153,35MRT,892939.9999791873,-232500.0000302978,Cropland,moderate,0.7680989040270916
1154,35MQT,712279.9999618995,-286260.0000075382,Cropland,moderate,0.989351867095499
1155,35MQU,766039.9999682134,-190720.00004559453,Cropland,moderate,0.584035063934492
1156,35MRU,863819.9999978954,-161600.00000391336,Cropland,moderate,0.5948956684573408
1157,35MRU,883979.9999978954,-123520.00000391334,Cropland,moderate,0.7313748599744335
1158,35MRU,886219.9999978954,-181760.00000391336,Cropland,moderate,0.8013303934758583
1159,35MRT,830219.9999791873,-241460.0000302978,Cropland,moderate,1.0542795064610169
1160,36MTD,884382.7512296877,-209138.61745336922,Cropland,moderate,0.9195161847314577
1161,36MTD,882142.7512296877,-177778.61745336922,Cropland,moderate,1.0172084030072148
1162,35MRT,899659.9999791873,-225780.0000302978,Cropland,moderate,0.9986719425187641
1163,35MRT,908619.9999791873,-250420.0000302978,Cropland,moderate,1.0622687419409478
1164,36MTC,906353.0706216183,-262355.1064070968,Cropland,moderate,0.6561666363181025
1165,35MQT,774999.9999618995,-254900.0000075382,Cropland,moderate,0.7477437274294799
1166,35MRT,805579.9999791873,-225780.0000302978,Cropland,moderate,1.0888973630292733
1167,36MTD,870942.7512296876,-130738.61745336924,Cropland,moderate,0.6878308222112095
1168,35MQT,777239.9999618995,-261620.0000075382,Cropland,moderate,0.8733446015864027
1169,35MRU,877259.9999978954,-125760.00000391334,Cropland,moderate,0.6264269419888491
1170,35MRU,810059.9999978954,-192960.00000391336,Cropland,moderate,0.7744128965711308
1171,35MQU,788439.9999682134,-197440.00004559453,Cropland,moderate,0.5720966913491584
1172,35MRT,830219.9999791873,-232500.0000302978,Cropland,moderate,1.0003925860518597
1173,36MTC,879473.0706216183,-219795.10640709678,Cropland,moderate,0.7943972291805979
1174,35MRU,875019.9999978954,-186240.00000391336,Cropland,moderate,0.9665998458836471
1175,35MQT,777239.9999618995,-245940.0000075382,Cropland,moderate,0.828371210202595
1176,35MQT,792919.9999618995,-308660.0000075382,Cropland,moderate,0.9074985036068576
1177,35MRT,910859.9999791873,-221300.0000302978,Cropland,moderate,0.536210113213816
1178,35MRT,870539.9999791873,-210100.00003029776,Cropland,moderate,1.0853193303206659
1179,35MRT,892939.9999791873,-250420.0000302978,Cropland,moderate,0.9367961306201534
1180,35MRU,834699.9999978954,-199680.00000391336,Cropland,moderate,0.9484505187400243
1181,36MTC,883953.0706216183,-233235.10640709678,Cropland,moderate,1.1032156329064915
1182,36MTD,902302.7512296877,-209138.61745336922,Cropland,moderate,1.1252540863419007
1183,35MQU,792919.9999682134,-208640.00004559453,Cropland,moderate,0.6188724052494966
1184,35MQT,727959.9999618995,-261620.0000075382,Cropland,moderate,1.1844619232951359
1185,35MQT,745879.9999618995,-259380.0000075382,Cropland,moderate,0.8476924010252319
1186,36MTC,910833.0706216183,-260115.10640709678,Cropland,moderate,1.0768853560255094
1187,35MRU,861579.9999978954,-166080.00000391336,Cropland,moderate,0.8720381146026919
1188,35MQT,799639.9999618995,-308660.0000075382,Cropland,moderate,0.804321303047159
1189,36MTD,886622.7512296877,-209138.61745336922,Cropland,moderate,0.829233760970927
1190,35MRU,892939.9999978954,-195200.00000391336,Cropland,moderate,1.1041107743241807
1191,35MQT,786199.9999618995,-308660.0000075382,Cropland,moderate,1.0240498360037054
1192,36MTC,906353.0706216183,-253395.10640709678,Cropland,moderate,0.8149439404524166
1193,35MRU,886219.9999978954,-116800.00000391334,Cropland,moderate,0.5737152308457086
1194,35MRU,872779.9999978954,-121280.00000391334,Cropland,moderate,1.051245705483778
1195,35MRT,906379.9999791873,-261620.0000302978,Cropland,moderate,0.7252390118562968
1196,35MQT,725719.9999618995,-277300.0000075382,Cropland,moderate,1.0253809936250287
1197,35MRU,861579.9999978954,-143680.00000391336,Cropland,moderate,0.6436528788740994
1198,35MRT,819019.9999791873,-198900.00003029776,Cropland,moderate,0.8500943228440312
1199,35MRT,819019.9999791873,-268340.0000302978,Cropland,moderate,1.037127970324786
1200,35MRU,803339.9999978954,-188480.00000391336,Cropland,moderate,0.8105354778527385
1201,35MRU,883979.9999978954,-157120.00000391336,Cropland,moderate,0.7214421878165578
1202,35MQU,810839.9999682134,-148160.00004559453,Cropland,moderate,0.5776213750627296
1203,35MQS,810839.9999815882,-298920.00004478084,Cropland,moderate,0.9201375879941699
1204,35MRT,861579.9999791873,-230260.0000302978,Cropland,moderate,1.1173559049445192
1205,35MQT,750359.9999618995,-248180.0000075382,Cropland,moderate,0.9251805552331629
1206,36MTC,897393.0706216183,-233235.10640709678,Cropland,moderate,0.5747962354703785
1207,36MTC,895153.0706216183,-242195.10640709678,Cropland,moderate,0.8543347132539458
1208,36MTC,897393.0706216183,-204115.10640709675,Cropland,moderate,1.109224255265671
1209,35MRT,897419.9999791873,-219060.00003029776,Cropland,moderate,0.9310054653160128
1210,35MRT,892939.9999791873,-239220.0000302978,Cropland,moderate,1.0984443641489565
1211,35MQT,774999.9999618995,-245940.0000075382,Cropland,moderate,0.6703731357287603
1212,35MRU,823499.9999978954,-192960.00000391336,Cropland,moderate,0.8791686621631656
1213,36MTC,874993.0706216183,-237715.10640709678,Cropland,moderate,1.0232896011285066
1214,35MQU,801879.9999682134,-170560.00004559453,Cropland,moderate,1.080720496307045
1215,35MQT,792919.9999618995,-261620.0000075382,Cropland,moderate,0.7482885721055603
1216,35MRT,810059.9999791873,-252660.0000302978,Cropland,moderate,1.1232957740413956
1217,35MRU,892939.9999978954,-206400.00000391336,Cropland,moderate,0.9036014915071134
1218,36MTC,897393.0706216183,-217555.10640709675,Cropland,moderate,1.0982846915901403
1219,35MQT,797399.9999618995,-212340.0000075382,Cropland,moderate,1.1519938960955824
1220,35MRS,810060.0000135569,-301160.0000393959,Cropland,moderate,0.8264388773104681
1221,35MQT,730199.9999618995,-266100.0000075382,Cropland,moderate,1.0312823856443896
1222,35MRT,872779.9999791873,-207860.00003029776,Cropland,moderate,1.1578108615622404
1223,35MRU,841419.9999978954,-199680.00000391336,Cropland,moderate,0.9740469270394303
1224,35MQU,777239.9999682134,-208640.00004559453,Cropland,moderate,0.530141800896287
1225,35MRT,897419.9999791873,-248180.0000302978,Cropland,moderate,0.9004022176453426
1226,35MRT,848139.9999791873,-252660.0000302978,Cropland,moderate,0.5045709181117983
1227,35MQS,801879.9999815882,-307880.00004478084,Cropland,moderate,0.9923752447458947
1228,35MRU,872779.9999978954,-136960.00000391336,Cropland,moderate,0.8489835938693684
1229,35MQU,783959.9999682134,-166080.00004559453,Cropland,moderate,1.0207107840649687
1230,35MRT,899659.9999791873,-214580.00003029776,Cropland,moderate,1.0903016164455268
1231,35MQT,806359.9999618995,-198900.0000075382,Cropland,moderate,1.0741279860855142
1232,35MRT,823499.9999791873,-270580.0000302978,Cropland,moderate,0.8473207089683479
1233,35MRT,850379.9999791873,-234740.0000302978,Cropland,moderate,1.1422983765730783
1234,35MQU,766039.9999682134,-166080.00004559453,Cropland,moderate,1.189806510510149
1235,35MRU,830219.9999978954,-192960.00000391336,Cropland,moderate,0.7799114322669289
1236,35MQS,792919.9999815882,-298920.00004478084,Cropland,moderate,1.0391481264408133
1237,35MQT,770519.9999618995,-225780.0000075382,Cropland,moderate,0.8086276099124744
1238,35MQT,810839.9999618995,-257140.0000075382,Cropland,moderate,0.7752204053269224
1239,35MQT,772759.9999618995,-230260.0000075382,Cropland,moderate,0.8752053486499369
1240,35MRT,906379.9999791873,-228020.0000302978,Cropland,moderate,0.6459286722866102
1241,35MRT,827979.9999791873,-275060.0000302978,Cropland,moderate,1.1562722016775295
1242,35MQT,781719.9999618995,-234740.0000075382,Cropland,moderate,0.5991093081384455
1243,35MRU,886219.9999978954,-128000.00000391334,Cropland,moderate,0.9125991247815353
1244,35MQS,777239.9999815882,-307880.00004478084,Cropland,moderate,0.9204691346657744
1245,35MQU,788439.9999682134,-181760.00004559453,Cropland,moderate,0.9654914860704238
1246,35MQT,745879.9999618995,-266100.0000075382,Cropland,moderate,1.0522411378602716
1247,35MQT,799639.9999618995,-250420.0000075382,Cropland,moderate,0.864572318426378
1248,36MTC,879473.0706216183,-246675.10640709678,Cropland,moderate,0.8239590682531075
1249,35MQT,786199.9999618995,-279540.0000075382,Cropland,moderate,1.140107887014402
1250,35MQU,788439.9999682134,-170560.00004559453,Cropland,moderate,0.9268449165587163
1251,35MRU,872779.9999978954,-192960.00000391336,Cropland,moderate,0.883805722169931
1252,35MQU,801879.9999682134,-188480.00004559453,Cropland,moderate,0.6895124494765063
1253,36MTC,908593.0706216183,-226515.10640709678,Cropland,moderate,0.6034073152796785
1254,36MTC,906353.0706216183,-224275.10640709678,Cropland,moderate,0.6586946575211606
1255,35MRT,886219.9999791873,-243700.0000302978,Cropland,moderate,1.1399306708919927
1256,35MQT,766039.9999618995,-239220.0000075382,Cropland,moderate,0.6619702505018009
1257,35MRT,888459.9999791873,-221300.0000302978,Cropland,moderate,0.8569829944956652
1258,35MRT,877259.9999791873,-198900.00003029776,Cropland,moderate,1.18064680966463
1259,35MRT,897419.9999791873,-263860.0000302978,Cropland,moderate,1.0426798623167648
1260,35MQU,810839.9999682134,-188480.00004559453,Cropland,moderate,0.8555411419829467
1261,35MQT,799639.9999618995,-234740.0000075382,Cropland,moderate,1.0483215844309053
1262,35MQU,790679.9999682134,-168320.00004559453,Cropland,moderate,1.099735553592591
1263,35MQT,779479.9999618995,-250420.0000075382,Cropland,moderate,1.0929873656555897
1264,35MRT,886219.9999791873,-248180.0000302978,Cropland,moderate,0.8698778334678844
1265,36MTD,877662.7512296877,-126258.61745336924,Cropland,moderate,0.5516047091466053
1266,36MTD,886622.7512296877,-188978.61745336922,Cropland,moderate,1.0817428668039133
1267,35MQT,810839.9999618995,-245940.0000075382,Cropland,moderate,1.073482359535148
1268,35MQS,786199.9999815882,-305640.00004478084,Cropland,moderate,1.1368086961947872
1269,35MRU,801099.9999978954,-157120.00000391336,Cropland,moderate,0.9661002388163347
1270,35MRT,814539.9999791873,-228020.0000302978,Cropland,moderate,1.0679337236859934
1271,35MRT,801099.9999791873,-219060.00003029776,Cropland,moderate,1.1348189857401885
1272,35MQT,768279.9999618995,-245940.0000075382,Cropland,moderate,0.6993416924819704
1273,35MRT,872779.9999791873,-212340.00003029776,Cropland,moderate,0.9768668385519685
1274,36MTC,899633.0706216183,-235475.10640709678,Cropland,moderate,0.8000244665597671
1275,35MRT,823499.9999791873,-230260.0000302978,Cropland,moderate,0.7995297698951699
1276,35MRT,836939.9999791873,-232500.0000302978,Cropland,moderate,0.9847025212387773
1277,35MRT,906379.9999791873,-223540.0000302978,Cropland,moderate,0.5284087935349973
1278,35MRT,883979.9999791873,-254900.0000302978,Cropland,moderate,1.0557735965453103
1279,35MQT,779479.9999618995,-234740.0000075382,Cropland,moderate,0.715130088988455
1280,35MRT,886219.9999791873,-205620.00003029776,Cropland,moderate,1.0962644974086968
1281,35MRU,883979.9999978954,-119040.00000391334,Cropland,moderate,1.1004233275654918
1282,35MQT,788439.9999618995,-252660.0000075382,Cropland,moderate,0.7227206881376655
1283,35MQT,754839.9999618995,-234740.0000075382,Cropland,moderate,0.9484075928428686
1284,36MTC,910833.0706216183,-222035.10640709678,Cropland,moderate,0.5175300706934979
1285,35MQT,808599.9999618995,-239220.0000075382,Cropland,moderate,1.019919907781664
1286,36MTD,875422.7512296876,-191218.61745336922,Cropland,moderate,1.0240859898209085
1287,35MRT,825739.9999791873,-275060.0000302978,Cropland,moderate,0.9868644657298435
1288,35MRT,852619.9999791873,-210100.00003029776,Cropland,moderate,1.0920539119909818
1289,35MRU,888459.9999978954,-159360.00000391336,Cropland,moderate,0.896866333663078
1290,35MRU,830219.9999978954,-163840.00000391336,Cropland,moderate,0.9452300159635824
1291,35MRT,819019.9999791873,-279540.0000302978,Cropland,moderate,1.065847306161827
1292,35MRU,812299.9999978954,-190720.00000391336,Cropland,moderate,0.6653090834527551
1293,35MQT,763799.9999618995,-252660.0000075382,Cropland,moderate,0.7095603226650442
1294,35MRT,870539.9999791873,-221300.0000302978,Cropland,moderate,0.9910024948038122
1295,35MRT,897419.9999791873,-228020.0000302978,Cropland,moderate,1.0490897977996636
1296,35MRT,816779.9999791873,-228020.0000302978,Cropland,moderate,0.8253201654038287
1297,35MQU,799639.9999682134,-204160.00004559453,Cropland,moderate,0.9790425062763662
1298,35MRT,807819.9999791873,-216820.00003029776,Cropland,moderate,1.138334147835907
1299,35MQT,804119.9999618995,-266100.0000075382,Cropland,moderate,0.7076955020332781
1300,35MQT,757079.9999618995,-236980.0000075382,Cropland,moderate,0.9820983166801147
1301,35MRU,812299.9999978954,-175040.00000391336,Cropland,moderate,0.9721009849383291
1302,35MRT,890699.9999791873,-203380.00003029776,Cropland,moderate,0.93341621156923
1303,36MTC,888433.0706216183,-215315.10640709675,Cropland,moderate,0.8363894246430983
1304,35MRT,863819.9999791873,-254900.0000302978,Cropland,moderate,1.0348183220280014
1305,35MQS,795159.9999815882,-301160.00004478084,Cropland,moderate,1.1151908952845655
1306,35MQU,763799.9999682134,-188480.00004559453,Cropland,moderate,0.8080115933422294
1307,36MTC,899633.0706216183,-213075.10640709675,Cropland,moderate,0.672884667260623
1308,35MRT,830219.9999791873,-239220.0000302978,Cropland,moderate,0.9262100227728847
1309,35MQT,797399.9999618995,-248180.0000075382,Cropland,moderate,0.8139654685091344
1310,35MRT,834699.9999791873,-257140.0000302978,Cropland,moderate,1.005234084927697
1311,35MQT,797399.9999618995,-230260.0000075382,Cropland,moderate,1.132435241344867
1312,35MQU,763799.9999682134,-192960.00004559453,Cropland,moderate,1.069830882983411
1313,35MRU,852619.9999978954,-184000.00000391336,Cropland,moderate,1.09410182882665
1314,35MRT,890699.9999791873,-221300.0000302978,Cropland,moderate,0.9813979493764454
1315,35MRT,819019.9999791873,-243700.0000302978,Cropland,moderate,0.7651581136859638
1316,35MRU,886219.9999978954,-201920.00000391336,Cropland,moderate,1.0412763138127723
1317,35MRT,825739.9999791873,-250420.0000302978,Cropland,moderate,0.8144718498507362
1318,36MTC,874993.0706216183,-222035.10640709678,Cropland,moderate,1.0062269785239846
1319,35MRU,857099.9999978954,-208640.00000391336,Cropland,moderate,0.9869618806932297
1320,35MQS,727959.9999815882,-301160.00004478084,Cropland,moderate,0.6770570087903399
1321,36MTC,892913.0706216183,-237715.10640709678,Cropland,moderate,0.966693556472084
1322,35MQT,766039.9999618995,-236980.0000075382,Cropland,moderate,0.5686286548278855
1323,35MRT,870539.9999791873,-243700.0000302978,Cropland,moderate,0.9111017770707137
1324,35MQT,790679.9999618995,-234740.0000075382,Cropland,moderate,0.9761851303479541
1325,35MRU,872779.9999978954,-184000.00000391336,Cropland,moderate,0.9313079768767978
1326,35MRU,859339.9999978954,-161600.00000391336,Cropland,moderate,0.9107249854823651
1327,35MRT,901899.9999791873,-259380.0000302978,Cropland,moderate,0.7862742192092632
1328,36MTD,875422.7512296876,-184498.61745336922,Cropland,moderate,0.9344587371251356
1329,35MRU,895179.9999978954,-152640.00000391336,Cropland,moderate,1.1591056957203782
1330,35MQU,806359.9999682134,-208640.00004559453,Cropland,moderate,1.140764669423627
1331,36MTC,899633.0706216183,-219795.10640709678,Cropland,moderate,1.089518018419441
1332,35MQU,810839.9999682134,-170560.00004559453,Cropland,moderate,0.8950122049474563
1333,35MRU,823499.9999978954,-161600.00000391336,Cropland,moderate,1.0586512371727468
1334,35MQU,763799.9999682134,-181760.00004559453,Cropland,moderate,1.0750927515825575
1335,35MRT,814539.9999791873,-301940.0000302978,Cropland,moderate,0.764817959464845
1336,36MTC,872753.0706216183,-213075.10640709675,Cropland,moderate,1.068166124554236
1337,35MQU,768279.9999682134,-177280.00004559453,Cropland,moderate,0.8289251079195175
1338,36MTD,884382.7512296877,-157618.61745336925,Cropland,moderate,0.7102570764014109
1339,35MQT,772759.9999618995,-297460.0000075382,Cropland,moderate,1.0574692281357174
1340,35MRU,852619.9999978954,-181760.00000391336,Cropland,moderate,1.1272766576907678
1341,35MRU,857099.9999978954,-148160.00000391336,Cropland,moderate,0.8986741458446889
1342,35MQT,748119.9999618995,-254900.0000075382,Cropland,moderate,0.9135795257335309
1343,35MRT,879499.9999791873,-250420.0000302978,Cropland,moderate,1.0835940823754513
1344,35MQT,810839.9999618995,-207860.0000075382,Cropland,moderate,0.9916223611743714
1345,35MRT,857099.9999791873,-241460.0000302978,Cropland,moderate,1.0684908713429324
1346,36MTC,895153.0706216183,-204115.10640709675,Cropland,moderate,1.141596762190641
1347,35MRU,825739.9999978954,-197440.00000391336,Cropland,moderate,0.9763411333966172
1348,36MTD,868702.7512296876,-126258.61745336924,Cropland,moderate,1.124056854590188
1349,35MRU,881739.9999978954,-206400.00000391336,Cropland,moderate,1.1358626433265713
1350,35MRU,875019.9999978954,-199680.00000391336,Cropland,moderate,1.010271417298099
1351,35MRT,910859.9999791873,-250420.0000302978,Cropland,moderate,1.1257500768644604
1352,36MTC,906353.0706216183,-242195.10640709678,Cropland,moderate,0.9136008493638617
1353,35MQT,734679.9999618995,-288500.0000075382,Cropland,moderate,0.6244525318831065
1354,36MTC,892913.0706216183,-233235.10640709678,Cropland,moderate,0.7092783617185197
1355,35MRT,857099.9999791873,-236980.0000302978,Cropland,moderate,0.7494268402719738
1356,35MQT,777239.9999618995,-306420.0000075382,Cropland,moderate,0.8394363319147451
1357,35MRU,890699.9999978954,-201920.00000391336,Cropland,moderate,0.821787294730943
1358,35MQU,759319.9999682134,-175040.00004559453,Cropland,moderate,0.9768687507292686
1359,35MRT,816779.9999791873,-266100.0000302978,Cropland,moderate,0.7456830679332256
1360,35MQT,723479.9999618995,-290740.0000075382,Cropland,moderate,1.1963841291307082
1361,35MRT,857099.9999791873,-254900.0000302978,Cropland,moderate,0.7280706702235309
1362,35MRT,879499.9999791873,-212340.00003029776,Cropland,moderate,1.1189585156475204
1363,35MQT,757079.9999618995,-212340.0000075382,Cropland,moderate,1.0762064986822168
1364,35MRT,901899.9999791873,-248180.0000302978,Cropland,moderate,1.0606302335923028
1365,36MTC,874993.0706216183,-224275.10640709678,Cropland,moderate,0.9199348969061298
1366,35MQS,797399.9999815882,-298920.00004478084,Cropland,moderate,1.0803742055722085
1367,35MRT,821259.9999791873,-250420.0000302978,Cropland,moderate,0.5971744021759309
1368,35MRT,823499.9999791873,-203380.00003029776,Cropland,moderate,0.8228886440604394
1369,36MTC,883953.0706216183,-239955.10640709678,Cropland,moderate,0.8986308378692678
1370,35MRT,827979.9999791873,-232500.0000302978,Cropland,moderate,0.935852961576027
1371,35MRT,863819.9999791873,-201140.00003029776,Cropland,moderate,1.1648591397241406
1372,36MTD,873182.7512296876,-135218.61745336925,Cropland,moderate,1.1429141777787135
1373,35MRT,810059.9999791873,-214580.00003029776,Cropland,moderate,1.1920778087367532
1374,35MQT,795159.9999618995,-268340.0000075382,Cropland,moderate,1.0739177018437283
1375,35MRS,805580.0000135569,-307880.0000393959,Cropland,moderate,0.8903481547863157
1376,35MRT,819019.9999791873,-225780.0000302978,Cropland,moderate,0.8728453552109802
1377,36MTD,868702.7512296876,-146418.61745336925,Cropland,moderate,1.1728027645098125
1378,36MTD,868702.7512296876,-186738.61745336922,Cropland,moderate,0.8107952377324948
1379,36MTD,873182.7512296876,-191218.61745336922,Cropland,moderate,0.7357530484707429
1380,35MRT,897419.9999791873,-245940.0000302978,Cropland,moderate,0.9896084624015723
1381,35MRT,875019.9999791873,-219060.00003029776,Cropland,moderate,0.889498081131789
1382,35MQU,759319.9999682134,-184000.00004559453,Cropland,moderate,0.7751985750981281
1383,35MRT,883979.9999791873,-245940.0000302978,Cropland,moderate,1.0920815462036777
1384,35MQU,783959.9999682134,-181760.00004559453,Cropland,moderate,0.922387670918634
1385,35MQU,795159.9999682134,-159360.00004559453,Cropland,moderate,0.9341085446103025
1386,35MQT,761559.9999618995,-250420.0000075382,Cropland,moderate,0.7117902673966988
1387,35MRT,807819.9999791873,-299700.0000302978,Cropland,moderate,1.1119775798347205
1388,35MRU,886219.9999978954,-154880.00000391336,Cropland,moderate,0.6146141818787545
1389,35MRU,890699.9999978954,-141440.00000391336,Cropland,moderate,1.0497554542683354
1390,35MQT,768279.9999618995,-236980.0000075382,Cropland,moderate,0.7385402339750666
1391,36MTC,908593.0706216183,-255635.10640709678,Cropland,moderate,1.0514061572946785
1392,35MQT,763799.9999618995,-232500.0000075382,Cropland,moderate,0.8714375956369114
1393,35MQU,757079.9999682134,-195200.00004559453,Cropland,moderate,1.0041996013261505
1394,35MRT,816779.9999791873,-212340.00003029776,Cropland,moderate,0.9558270214647958
1395,35MQU,810839.9999682134,-184000.00004559453,Cropland,moderate,1.165799204561918
1396,35MRU,830219.9999978954,-204160.00000391336,Cropland,moderate,1.1523132609420588
1397,35MRT,890699.9999791873,-241460.0000302978,Cropland,moderate,0.8847007712281268
1398,35MRT,879499.9999791873,-203380.00003029776,Cropland,moderate,1.1810425878924384
1399,35MQT,772759.9999618995,-306420.0000075382,Cropland,moderate,1.0535625846102745
1400,35MRT,830219.9999791873,-223540.0000302978,Cropland,moderate,0.8265994055416007
1401,35MRU,823499.9999978954,-179520.00000391336,Cropland,moderate,0.825974515702336
1402,35MRT,863819.9999791873,-214580.00003029776,Cropland,moderate,1.0081118400780293
1403,35MRT,821259.9999791873,-201140.00003029776,Cropland,moderate,1.0632203417079653
1404,36MTC,888433.0706216183,-228755.10640709678,Cropland,moderate,1.031083484336524
1405,35MRU,883979.9999978954,-197440.00000391336,Cropland,moderate,1.0931593183119492
1406,35MRU,866059.9999978954,-157120.00000391336,Cropland,moderate,0.9178028546663607
1407,36MTC,897393.0706216183,-251155.10640709678,Cropland,moderate,1.0452517976669888
1408,35MRT,807819.9999791873,-245940.0000302978,Cropland,moderate,1.1851734687724307
1409,35MRU,877259.9999978954,-163840.00000391336,Cropland,moderate,0.5080619768398253
1410,36MTC,868273.0706216183,-242195.10640709678,Cropland,moderate,0.9036399082444015
1411,35MRT,877259.9999791873,-245940.0000302978,Cropland,moderate,1.112841843653687
1412,36MTC,870513.0706216183,-224275.10640709678,Cropland,moderate,1.0124015854298463
1413,35MQU,781719.9999682134,-163840.00004559453,Cropland,moderate,0.8311897681507379
1414,35MQU,808599.9999682134,-188480.00004559453,Cropland,moderate,0.8923370392709953
1415,36MTC,901873.0706216183,-233235.10640709678,Cropland,moderate,0.7835421378540596
1416,35MRS,807820.0000135569,-310120.0000393959,Cropland,moderate,0.856182773679476
1417,35MQS,797399.9999815882,-310120.00004478084,Cropland,moderate,0.6665345979625953
1418,35MQS,801879.9999815882,-301160.00004478084,Cropland,moderate,1.1408942878633042
1419,35MQT,768279.9999618995,-210100.0000075382,Cropland,moderate,0.7075889890457379
1420,36MTC,901873.0706216183,-219795.10640709678,Cropland,moderate,0.7250980336532047
1421,35MRU,866059.9999978954,-170560.00000391336,Cropland,moderate,0.7895660070971349
1422,35MQU,768279.9999682134,-172800.00004559453,Cropland,moderate,0.7649926933564144
1423,35MRT,823499.9999791873,-252660.0000302978,Cropland,moderate,1.0657386630347951
1424,35MRU,877259.9999978954,-190720.00000391336,Cropland,moderate,0.9674476454719055
1425,35MQU,783959.9999682134,-192960.00004559453,Cropland,moderate,0.8524945428146251
1426,35MRT,908619.9999791873,-257140.0000302978,Cropland,moderate,1.1150803170268855
1427,35MQT,808599.9999618995,-277300.0000075382,Cropland,moderate,1.1890150752030664
1428,35MRU,821259.9999978954,-188480.00000391336,Cropland,moderate,0.8894455911560103
1429,35MRT,807819.9999791873,-297460.0000302978,Cropland,moderate,1.0510458200771244
1430,35MRS,803340.0000135569,-305640.0000393959,Cropland,moderate,1.166518440644988
1431,35MRT,812299.9999791873,-275060.0000302978,Cropland,moderate,0.9441481290017444
1432,35MRU,801099.9999978954,-170560.00000391336,Cropland,moderate,1.1053920581428547
1433,35MQT,718999.9999618995,-268340.0000075382,Cropland,moderate,0.991147397016739
1434,36MTC,870513.0706216183,-204115.10640709675,Cropland,moderate,0.9143425407902601
1435,35MQT,801879.9999618995,-219060.0000075382,Cropland,moderate,0.9866760702532513
1436,35MRT,801099.9999791873,-234740.0000302978,Cropland,moderate,0.8360873274587426
1437,35MRT,897419.9999791873,-203380.00003029776,Cropland,moderate,0.9518796860605069
1438,35MQT,808599.9999618995,-254900.0000075382,Cropland,moderate,0.7601995654239594
1439,35MQT,772759.9999618995,-252660.0000075382,Cropland,moderate,0.7931837193452124
1440,35MRT,816779.9999791873,-223540.0000302978,Cropland,moderate,0.9216163740119327
1441,35MQT,790679.9999618995,-295220.0000075382,Cropland,moderate,1.099349901954612
1442,35MRT,857099.9999791873,-212340.00003029776,Cropland,moderate,0.7803853451504246
1443,35MQT,806359.9999618995,-236980.0000075382,Cropland,moderate,1.0335699294656078
1444,35MRT,843659.9999791873,-250420.0000302978,Cropland,moderate,0.8110181693910503
1445,35MQU,754839.9999682134,-184000.00004559453,Cropland,moderate,0.9082211651631255
1446,35MQT,772759.9999618995,-212340.0000075382,Cropland,moderate,1.002154139115478
1447,35MQU,795159.9999682134,-184000.00004559453,Cropland,moderate,0.8724437916124435
1448,36MTD,873182.7512296876,-200178.61745336922,Cropland,moderate,0.7142172546106638
1449,35MQT,772759.9999618995,-241460.0000075382,Cropland,moderate,1.0368051060136656
1450,35MRT,814539.9999791873,-250420.0000302978,Cropland,moderate,0.6782217577516917
1451,35MQT,770519.9999618995,-266100.0000075382,Cropland,moderate,1.0334168636299652
1452,35MQS,781719.9999815882,-312360.00004478084,Cropland,moderate,0.9513553468278957
1453,35MQU,786199.9999682134,-175040.00004559453,Cropland,moderate,0.955700131120281
1454,35MQT,741399.9999618995,-254900.0000075382,Cropland,moderate,0.9091554457467173
1455,36MTC,917553.0706216183,-242195.10640709678,Cropland,moderate,0.6634606561855585
1456,35MRT,810059.9999791873,-207860.00003029776,Cropland,moderate,0.8686074173986876
1457,35MQU,786199.9999682134,-195200.00004559453,Cropland,moderate,0.503051068569512
1458,36MTD,886622.7512296877,-202418.61745336922,Cropland,moderate,1.0331663563987945
1459,35MQT,766039.9999618995,-232500.0000075382,Cropland,moderate,0.7588671251671342
1460,35MRT,870539.9999791873,-223540.0000302978,Cropland,moderate,0.9902108687252597
1461,36MTC,919793.0706216183,-217555.10640709675,Cropland,moderate,1.1992623912657574
1462,35MRT,866059.9999791873,-221300.0000302978,Cropland,moderate,1.0995268559940732
1463,36MTC,901873.0706216183,-230995.10640709678,Cropland,moderate,0.8131813514466705
1464,35MQT,774999.9999618995,-212340.0000075382,Cropland,moderate,0.8563110795258249
1465,35MQT,772759.9999618995,-259380.0000075382,Cropland,moderate,0.9784567067791894
1466,36MTC,913073.0706216183,-246675.10640709678,Cropland,moderate,1.0962193583502275
1467,35MQT,772759.9999618995,-210100.0000075382,Cropland,moderate,0.9069318796674148
1468,35MRU,825739.9999978954,-204160.00000391336,Cropland,moderate,0.7578334733366436
1469,35MQT,790679.9999618995,-270580.0000075382,Cropland,moderate,0.9387251898747995
1470,36MTC,872753.0706216183,-199635.10640709675,Cropland,moderate,0.6758968421325122
1471,35MRT,812299.9999791873,-257140.0000302978,Cropland,moderate,0.7059724533741247
1472,35MRT,812299.9999791873,-252660.0000302978,Cropland,moderate,0.8098713020573025
1473,35MQT,739159.9999618995,-284020.0000075382,Cropland,moderate,0.7427340953378592
1474,35MQT,781719.9999618995,-223540.0000075382,Cropland,moderate,0.9265150489426288
1475,35MRT,803339.9999791873,-198900.00003029776,Cropland,moderate,1.0292991813633126
1476,35MRT,866059.9999791873,-232500.0000302978,Cropland,moderate,0.8233782659889124
1477,35MQS,716759.9999815882,-298920.00004478084,Cropland,moderate,0.997631026246298
1478,35MRU,899659.9999978954,-204160.00000391336,Cropland,moderate,1.19004069940642
1479,35MQT,772759.9999618995,-219060.0000075382,Cropland,moderate,0.8915146123702682
1480,35MQT,761559.9999618995,-207860.0000075382,Cropland,moderate,1.0526074156697576
1481,35MQU,790679.9999682134,-181760.00004559453,Cropland,moderate,0.8512696364924973
1482,35MQT,810839.9999618995,-266100.0000075382,Cropland,moderate,0.8015031800142801
1483,35MRU,872779.9999978954,-123520.00000391334,Cropland,moderate,1.184870970324779
1484,36MTD,882142.7512296877,-195698.61745336922,Cropland,moderate,0.8499274876199311
1485,35MRU,814539.9999978954,-154880.00000391336,Cropland,moderate,1.033441261961601
1486,36MTD,879902.7512296877,-141938.61745336925,Cropland,moderate,1.0439766625920517
1487,35MRT,868299.9999791873,-228020.0000302978,Cropland,moderate,0.9770648481200097
1488,35MRU,816779.9999978954,-195200.00000391336,Cropland,moderate,0.8800769280103815
1489,35MRT,803339.9999791873,-212340.00003029776,Cropland,moderate,0.8999963529404473
1490,36MTD,891102.7512296877,-137458.61745336925,Cropland,moderate,0.8053808854757181
1491,35MRT,904139.9999791873,-243700.0000302978,Cropland,moderate,1.0416469197828087
1492,36MTC,888433.0706216183,-248915.10640709678,Cropland,moderate,0.9277350782849235
1493,36MTD,868702.7512296876,-209138.61745336922,Cropland,moderate,0.9201523884176113
1494,35MQT,739159.9999618995,-261620.0000075382,Cropland,moderate,1.1350717850173362
1495,35MQT,774999.9999618995,-284020.0000075382,Cropland,moderate,0.9806659671061494
1496,35MRT,827979.9999791873,-268340.0000302978,Cropland,moderate,1.0071051251155443
1497,35MRT,827979.9999791873,-272820.0000302978,Cropland,moderate,0.9916136661483954
1498,35MRT,901899.9999791873,-228020.0000302978,Cropland,moderate,0.8026466842221853
1499,35MQS,779479.9999815882,-307880.00004478084,Cropland,moderate,1.0615673141522646
1500,36MTD,879902.7512296877,-155378.61745336925,Cropland,moderate,0.8782886967287329
1501,35MRU,877259.9999978954,-172800.00000391336,Cropland,moderate,0.890285167522642
1502,35MRT,863819.9999791873,-207860.00003029776,Cropland,moderate,1.1388955934486822
1503,35MRU,834699.9999978954,-204160.00000391336,Cropland,moderate,1.0631553079246847
1504,35MQU,795159.9999682134,-177280.00004559453,Cropland,moderate,1.0092826810300695
1505,35MRU,870539.9999978954,-204160.00000391336,Cropland,moderate,0.9269785448478859
1506,35MQT,804119.9999618995,-223540.0000075382,Cropland,moderate,1.1289010476740404
1507,36MTC,895153.0706216183,-237715.10640709678,Cropland,moderate,1.1074688350711581
1508,35MQU,759319.9999682134,-197440.00004559453,Cropland,moderate,1.0126108890736465
1509,35MQU,795159.9999682134,-190720.00004559453,Cropland,moderate,1.0505981047816462
1510,35MRT,901899.9999791873,-205620.00003029776,Cropland,moderate,0.9292880109361186
1511,36MTD,875422.7512296876,-132978.61745336925,Cropland,moderate,0.7614009067691054
1512,36MTC,922033.0706216183,-255635.10640709678,Cropland,moderate,0.7963259725175441
1513,35MRU,866059.9999978954,-206400.00000391336,Cropland,moderate,0.913354424006797
1514,35MRU,872779.9999978954,-143680.00000391336,Cropland,moderate,0.9464157195343272
1515,35MQT,748119.9999618995,-290740.0000075382,Cropland,moderate,0.8371772461614945
1516,35MRT,812299.9999791873,-219060.00003029776,Cropland,moderate,0.9777258796578487
1517,35MQU,781719.9999682134,-208640.00004559453,Cropland,moderate,0.633083909585291
1518,35MQT,783959.9999618995,-304180.0000075382,Cropland,moderate,1.0926709194267825
1519,35MRU,854859.9999978954,-208640.00000391336,Cropland,moderate,0.941418956270547
1520,36MTC,895153.0706216183,-222035.10640709678,Cropland,moderate,1.0229293271617599
1521,35MQT,799639.9999618995,-306420.0000075382,Cropland,moderate,1.0327657458529291
1522,36MTC,881713.0706216183,-226515.10640709678,Cropland,moderate,1.0597333856504754
1523,35MRU,816779.9999978954,-192960.00000391336,Cropland,moderate,1.1072311786574995
1524,35MRU,863819.9999978954,-150400.00000391336,Cropland,moderate,1.0404368873534564
1525,35MRT,843659.9999791873,-257140.0000302978,Cropland,moderate,0.7432010912852134
1526,35MRU,819019.9999978954,-152640.00000391336,Cropland,moderate,1.0226653891679225
1527,35MQS,804119.9999815882,-305640.00004478084,Cropland,moderate,1.1920875334721124
1528,35MQT,754839.9999618995,-232500.0000075382,Cropland,moderate,0.8233002510679043
1529,35MQT,763799.9999618995,-243700.0000075382,Cropland,moderate,0.7575472346374548
1530,35MRT,812299.9999791873,-292980.0000302978,Cropland,moderate,0.8778068841554731
1531,35MRU,879499.9999978954,-141440.00000391336,Cropland,moderate,1.189350527699469
1532,35MRU,850379.9999978954,-181760.00000391336,Cropland,moderate,1.06788619185939
1533,36MTC,897393.0706216183,-213075.10640709675,Cropland,moderate,0.7007042750661446
1534,36MTC,915313.0706216183,-255635.10640709678,Cropland,moderate,1.142691674679377
1535,35MRU,866059.9999978954,-195200.00000391336,Cropland,moderate,0.8874844136345638
1536,36MTC,870513.0706216183,-226515.10640709678,Cropland,moderate,0.8618997427312524
1537,36MTC,897393.0706216183,-208595.10640709675,Cropland,moderate,1.1823387315322582
1538,35MRT,888459.9999791873,-201140.00003029776,Cropland,moderate,0.7746318689870443
1539,35MRU,881739.9999978954,-121280.00000391334,Cropland,moderate,0.7435576348525106
1540,35MQU,757079.9999682134,-206400.00004559453,Cropland,moderate,1.0191380702098334
1541,35MRT,823499.9999791873,-275060.0000302978,Cropland,moderate,1.1166054625125081
1542,35MQT,770519.9999618995,-299700.0000075382,Cropland,moderate,0.8930096137708581
1543,35MQT,792919.9999618995,-245940.0000075382,Cropland,moderate,1.144130716611264
1544,35MRU,872779.9999978954,-130240.00000391334,Cropland,moderate,0.6583204962534581
1545,35MRU,897419.9999978954,-204160.00000391336,Cropland,moderate,1.120255432177789
1546,36MTD,891102.7512296877,-148658.61745336925,Cropland,moderate,0.7993004061434409
1547,35MRU,881739.9999978954,-157120.00000391336,Cropland,moderate,0.6374297130716302
1548,35MQT,799639.9999618995,-225780.0000075382,Cropland,moderate,1.0886027437076207
1549,35MRU,897419.9999978954,-201920.00000391336,Cropland,moderate,0.7538754993092674
1550,35MQT,774999.9999618995,-304180.0000075382,Cropland,moderate,1.0953100065489798
1551,35MRU,832459.9999978954,-163840.00000391336,Cropland,moderate,0.9444600500612753
1552,35MRU,859339.9999978954,-163840.00000391336,Cropland,moderate,1.0952020646811884
1553,35MRU,879499.9999978954,-197440.00000391336,Cropland,moderate,1.1471059020973091
1554,35MRT,872779.9999791873,-198900.00003029776,Cropland,moderate,0.7143962958952217
1555,35MQU,770519.9999682134,-186240.00004559453,Cropland,moderate,1.0262106618386355
1556,35MQT,788439.9999618995,-228020.0000075382,Cropland,moderate,0.8834754628194235
1557,36MTD,877662.7512296877,-202418.61745336922,Cropland,moderate,0.8534109897031166
1558,36MTD,895582.7512296877,-200178.61745336922,Cropland,moderate,1.0172369608611318
1559,35MQT,806359.9999618995,-250420.0000075382,Cropland,moderate,1.1606845072426932
1560,35MQT,795159.9999618995,-295220.0000075382,Cropland,moderate,1.1497106541548625
1561,35MRT,819019.9999791873,-297460.0000302978,Cropland,moderate,0.9387072955923554
1562,35MRT,892939.9999791873,-221300.0000302978,Cropland,moderate,0.7057428983290095
1563,35MQT,770519.9999618995,-205620.0000075382,Cropland,moderate,0.9824515416148754
1564,35MRU,814539.9999978954,-197440.00000391336,Cropland,moderate,0.8484033524121932
1565,35MRT,866059.9999791873,-219060.00003029776,Cropland,moderate,0.9670433431429718
1566,36MTD,888862.7512296877,-157618.61745336925,Cropland,moderate,0.7957866554025862
1567,35MRT,827979.9999791873,-245940.0000302978,Cropland,moderate,0.8330119994574401
1568,35MRT,816779.9999791873,-203380.00003029776,Cropland,moderate,0.9874658539825649
1569,35MQU,801879.9999682134,-192960.00004559453,Cropland,moderate,0.9166485645521156
1570,35MQU,774999.9999682134,-208640.00004559453,Cropland,moderate,0.7594599995865623
1571,35MRT,852619.9999791873,-205620.00003029776,Cropland,moderate,0.7519697735213183
1572,35MQT,788439.9999618995,-221300.0000075382,Cropland,moderate,0.5601736019232411
1573,35MRT,906379.9999791873,-234740.0000302978,Cropland,moderate,0.9158745731646064
1574,35MRT,861579.9999791873,-198900.00003029776,Cropland,moderate,1.0346350222043352
1575,35MRT,910859.9999791873,-243700.0000302978,Cropland,moderate,0.9430675926832077
1576,35MQU,804119.9999682134,-184000.00004559453,Cropland,moderate,0.9068131287410677
1577,36MTC,904113.0706216183,-244435.10640709678,Cropland,moderate,0.939470495280823
1578,35MQT,772759.9999618995,-250420.0000075382,Cropland,moderate,0.7014937764081354
1579,35MQU,783959.9999682134,-186240.00004559453,Cropland,moderate,0.8364239190297194
1580,35MQU,759319.9999682134,-192960.00004559453,Cropland,moderate,1.0622791120957182
1581,35MQU,759319.9999682134,-199680.00004559453,Cropland,moderate,0.9262416177923849
1582,35MRT,823499.9999791873,-292980.0000302978,Cropland,moderate,0.8630624114522318
1583,35MQT,725719.9999618995,-290740.0000075382,Cropland,moderate,1.102084897025894
1584,35MRT,861579.9999791873,-257140.0000302978,Cropland,moderate,0.8326375720050471
1585,35MRT,830219.9999791873,-243700.0000302978,Cropland,moderate,0.7933846406202438
1586,36MTC,906353.0706216183,-230995.10640709678,Cropland,moderate,0.6933807624398116
1587,35MQT,714519.9999618995,-295220.0000075382,Cropland,moderate,1.066538212858353
1588,35MQU,808599.9999682134,-195200.00004559453,Cropland,moderate,0.7686507819664834
1589,35MRT,872779.9999791873,-250420.0000302978,Cropland,moderate,1.1336505844709204
1590,35MQT,750359.9999618995,-250420.0000075382,Cropland,moderate,0.7847828692123574
1591,35MRU,819019.9999978954,-150400.00000391336,Cropland,moderate,0.8654072135917743
1592,36MTC,886193.0706216183,-251155.10640709678,Cropland,moderate,0.9846656162090326
1593,35MQT,716759.9999618995,-281780.0000075382,Cropland,moderate,1.1124159137808602
1594,35MRT,825739.9999791873,-214580.00003029776,Cropland,moderate,0.9670132989413497
1595,35MRU,870539.9999978954,-163840.00000391336,Cropland,moderate,0.6025965248440459
1596,35MRT,857099.9999791873,-198900.00003029776,Cropland,moderate,0.9862091285977996
1597,35MRT,812299.9999791873,-241460.0000302978,Cropland,moderate,0.5197584065724611
1598,35MRS,803340.0000135569,-310120.0000393959,Cropland,moderate,0.9121243574086951
1599,35MRU,872779.9999978954,-204160.00000391336,Cropland,moderate,1.0164542836542314
1600,35MRT,892939.9999791873,-261620.0000302978,Cropland,moderate,1.008884471240891
1601,35MRU,883979.9999978954,-132480.00000391336,Cropland,moderate,0.6827487314796304
1602,35MQU,768279.9999682134,-181760.00004559453,Cropland,moderate,1.1837333223150137
1603,35MRU,843659.9999978954,-186240.00000391336,Cropland,moderate,1.1515094776194867
1604,35MQT,766039.9999618995,-214580.0000075382,Cropland,moderate,0.872963011539695
1605,35MRT,895179.9999791873,-232500.0000302978,Cropland,moderate,0.9999491422927649
1606,35MQU,757079.9999682134,-177280.00004559453,Cropland,moderate,0.8114872675730923
1607,35MQU,759319.9999682134,-172800.00004559453,Cropland,moderate,1.0396908631736008
1608,35MRT,803339.9999791873,-216820.00003029776,Cropland,moderate,0.8328598754302734
1609,35MQU,772759.9999682134,-195200.00004559453,Cropland,moderate,0.6387150746670164
1610,35MRT,814539.9999791873,-248180.0000302978,Cropland,moderate,0.7775414821785723
1611,35MRU,827979.9999978954,-177280.00000391336,Cropland,moderate,0.8630695499104377
1612,35MRU,883979.9999978954,-121280.00000391334,Cropland,moderate,1.1965601299943558
1613,35MRT,801099.9999791873,-275060.0000302978,Cropland,moderate,1.1265836958027364
1614,35MRU,805579.9999978954,-181760.00000391336,Cropland,moderate,0.8388680027735408
1615,35MQU,795159.9999682134,-175040.00004559453,Cropland,moderate,1.0530695460010935
1616,35MQT,799639.9999618995,-286260.0000075382,Cropland,moderate,1.1811572213865578
1617,35MRU,850379.9999978954,-190720.00000391336,Cropland,moderate,1.0734258634059204
1618,35MQU,766039.9999682134,-170560.00004559453,Cropland,moderate,0.9640105261007579
1619,35MRU,848139.9999978954,-206400.00000391336,Cropland,moderate,1.0343411494350385
1620,35MRT,875019.9999791873,-250420.0000302978,Cropland,moderate,1.0147306780039844
1621,35MQT,799639.9999618995,-290740.0000075382,Cropland,moderate,1.0264993231685298
1622,35MRU,839179.9999978954,-159360.00000391336,Cropland,moderate,0.8062594035835973
1623,35MRT,897419.9999791873,-250420.0000302978,Cropland,moderate,1.0559236561529703
1624,35MQT,797399.9999618995,-279540.0000075382,Cropland,moderate,1.1627446598747784
1625,35MRU,868299.9999978954,-192960.00000391336,Cropland,moderate,0.7625849452584754
1626,35MRT,819019.9999791873,-239220.0000302978,Cropland,moderate,0.7390346000419047
1627,35MRU,803339.9999978954,-181760.00000391336,Cropland,moderate,1.0310132029424257
1628,35MRU,810059.9999978954,-208640.00000391336,Cropland,moderate,0.8438104042120106
1629,35MQU,804119.9999682134,-195200.00004559453,Cropland,moderate,0.9350219239754262
1630,35MRT,901899.9999791873,-219060.00003029776,Cropland,moderate,0.9241087678355526
1631,35MQU,806359.9999682134,-181760.00004559453,Cropland,moderate,0.796619623044956
1632,35MRT,814539.9999791873,-306420.0000302978,Cropland,moderate,1.1879981093507062
1633,35MQU,808599.9999682134,-204160.00004559453,Cropland,moderate,1.149085354481403
1634,35MRT,825739.9999791873,-261620.0000302978,Cropland,moderate,0.8549144196331516
1635,35MRT,910859.9999791873,-257140.0000302978,Cropland,moderate,1.0541670714600846
1636,36MTD,877662.7512296877,-175538.61745336922,Cropland,moderate,1.1306311613057598
1637,35MQT,801879.9999618995,-268340.0000075382,Cropland,moderate,0.9073225343232172
1638,35MRT,810059.9999791873,-299700.0000302978,Cropland,moderate,0.8730098079801016
1639,35MRT,908619.9999791873,-225780.0000302978,Cropland,moderate,0.7703425147092596
1640,35MQT,781719.9999618995,-261620.0000075382,Cropland,moderate,0.761370538985569
1641,35MRT,803339.9999791873,-248180.0000302978,Cropland,moderate,0.8331739576781301
1642,35MRT,814539.9999791873,-270580.0000302978,Cropland,moderate,1.1538877635135212
1643,35MQU,761559.9999682134,-197440.00004559453,Cropland,moderate,0.8682110086067683
1644,35MRT,823499.9999791873,-266100.0000302978,Cropland,moderate,1.0238623622516723
1645,36MTC,877233.0706216183,-226515.10640709678,Cropland,moderate,0.9529889559076078
1646,36MTC,868273.0706216183,-217555.10640709675,Cropland,moderate,0.9086133179813198
1647,36MTC,874993.0706216183,-242195.10640709678,Cropland,moderate,1.1271932339839743
1648,35MRU,836939.9999978954,-204160.00000391336,Cropland,moderate,1.0990155031427984
1649,36MTC,872753.0706216183,-242195.10640709678,Cropland,moderate,0.909142325986021
1650,36MTC,892913.0706216183,-226515.10640709678,Cropland,moderate,1.0166606652147931
1651,36MTC,874993.0706216183,-230995.10640709678,Cropland,moderate,1.0045814039101508
1652,35MQU,761559.9999682134,-199680.00004559453,Cropland,moderate,0.8596907926286601
1653,35MQT,761559.9999618995,-198900.0000075382,Cropland,moderate,0.8709632102951892
1654,35MRU,845899.9999978954,-186240.00000391336,Cropland,moderate,0.9630977244264717
1655,36MTD,891102.7512296877,-159858.61745336925,Cropland,moderate,0.9954232564640945
1656,35MQT,801879.9999618995,-263860.0000075382,Cropland,moderate,0.8768386562763683
1657,35MQT,795159.9999618995,-248180.0000075382,Cropland,moderate,0.9757608018533714
1658,35MRU,845899.9999978954,-179520.00000391336,Cropland,moderate,0.9613374518769267
1659,35MRU,875019.9999978954,-163840.00000391336,Cropland,moderate,0.9396903941391348
1660,35MRT,841419.9999791873,-245940.0000302978,Cropland,moderate,1.0516349487113972
1661,35MRU,836939.9999978954,-192960.00000391336,Cropland,moderate,0.9193577231281944
1662,35MRT,803339.9999791873,-250420.0000302978,Cropland,moderate,0.8028492740365809
1663,36MTD,886622.7512296877,-182258.61745336922,Cropland,moderate,0.7458224290676052
1664,35MRU,899659.9999978954,-206400.00000391336,Cropland,complex,1.2291557093678789
1665,35MQU,801879.9999682134,-166080.00004559453,Cropland,complex,1.3794653292715486
1666,35MQT,754839.9999618995,-205620.0000075382,Cropland,complex,1.355312184111674
1667,35MRT,819019.9999791873,-207860.00003029776,Cropland,complex,1.238310830413742
1668,35MQT,786199.9999618995,-299700.0000075382,Cropland,complex,1.28184715027784
1669,35MRU,825739.9999978954,-184000.00000391336,Cropland,complex,1.2305229201187147
1670,35MRU,848139.9999978954,-197440.00000391336,Cropland,complex,1.3682748897140455
1671,35MQT,790679.9999618995,-281780.0000075382,Cropland,complex,1.2030584022900288
1672,36MTC,924273.0706216183,-242195.10640709678,Cropland,complex,1.2477480061102184
1673,36MTC,888433.0706216183,-206355.10640709675,Cropland,complex,1.3540006103403415
1674,36MTC,877233.0706216183,-244435.10640709678,Cropland,complex,1.3525476945319401
1675,35MQT,788439.9999618995,-272820.0000075382,Cropland,complex,1.2465571496765016
1676,35MRT,910859.9999791873,-252660.0000302978,Cropland,complex,1.2017352386898468
1677,35MRT,888459.9999791873,-261620.0000302978,Cropland,complex,1.4292811453372567
1678,35MRU,861579.9999978954,-148160.00000391336,Cropland,complex,1.3390494301092941
1679,35MQU,781719.9999682134,-177280.00004559453,Cropland,complex,1.2481202000352083
1680,35MQT,806359.9999618995,-210100.0000075382,Cropland,complex,1.2264612401472261
1681,35MQS,790679.9999815882,-305640.00004478084,Cropland,complex,1.2504066803209521
1682,35MQT,790679.9999618995,-306420.0000075382,Cropland,complex,1.2052320254202058
1683,36MTC,892913.0706216183,-208595.10640709675,Cropland,complex,1.261921311256676
1684,35MRU,836939.9999978954,-161600.00000391336,Cropland,complex,1.3483734096594353
1685,35MQU,797399.9999682134,-206400.00004559453,Cropland,complex,1.202427274002392
1686,35MQS,786199.9999815882,-298920.00004478084,Cropland,complex,1.2570440251267228
1687,35MRU,827979.9999978954,-208640.00000391336,Cropland,complex,1.2704587243548888
1688,36MTC,895153.0706216183,-266835.1064070968,Cropland,complex,1.302175157900686
1689,35MQU,801879.9999682134,-208640.00004559453,Cropland,complex,1.237961995365211
1690,36MTD,895582.7512296877,-150898.61745336925,Cropland,complex,1.2696998911707404
1691,35MRU,877259.9999978954,-154880.00000391336,Cropland,complex,1.2283714272518995
1692,35MQT,792919.9999618995,-290740.0000075382,Cropland,complex,1.2217559637584874
1693,35MRU,848139.9999978954,-195200.00000391336,Cropland,complex,1.2633150047510417
1694,35MQT,808599.9999618995,-205620.0000075382,Cropland,complex,1.21435911190497
1695,35MRU,805579.9999978954,-170560.00000391336,Cropland,complex,1.44535325817606
1696,35MRT,861579.9999791873,-250420.0000302978,Cropland,complex,1.4771915755215574
1697,35MQT,788439.9999618995,-306420.0000075382,Cropland,complex,1.2344583094840123
1698,36MTD,891102.7512296877,-177778.61745336922,Cropland,complex,1.357810087955711
1699,35MRU,883979.9999978954,-201920.00000391336,Cropland,complex,1.2264382935334897
1700,35MQT,718999.9999618995,-266100.0000075382,Cropland,complex,1.4347063089730356
1701,35MRT,805579.9999791873,-299700.0000302978,Cropland,complex,1.2496998879763364
1702,36MTD,879902.7512296877,-200178.61745336922,Cropland,complex,1.201418527544388
1703,35MQT,790679.9999618995,-275060.0000075382,Cropland,complex,1.2659285265432345
1704,36MTD,897822.7512296877,-204658.61745336922,Cropland,complex,1.2110621754376871
1705,35MRT,803339.9999791873,-261620.0000302978,Cropland,complex,1.2415878356560688
1706,36MTD,877662.7512296877,-193458.61745336922,Cropland,complex,1.264793577269125
1707,35MQU,777239.9999682134,-179520.00004559453,Cropland,complex,1.4254752297335629
1708,35MPT,710879.9999501455,-281779.9999929683,Cropland,complex,1.2231626388047936
1709,35MRT,870539.9999791873,-241460.0000302978,Cropland,complex,1.2196923227249241
1710,36MTC,881713.0706216183,-230995.10640709678,Cropland,complex,1.4044351297058675
1711,35MRU,848139.9999978954,-199680.00000391336,Cropland,complex,1.3531232174578751
1712,35MQT,810839.9999618995,-212340.0000075382,Cropland,complex,1.270145625638529
1713,35MRT,859339.9999791873,-230260.0000302978,Cropland,complex,1.265695456495565
1714,35MRU,821259.9999978954,-175040.00000391336,Cropland,complex,1.2654337023039939
1715,35MQU,808599.9999682134,-168320.00004559453,Cropland,complex,1.2130857717735124
1716,35MQT,808599.9999618995,-263860.0000075382,Cropland,complex,1.2262726922264728
1717,35MRU,888459.9999978954,-206400.00000391336,Cropland,complex,1.3478579787770797
1718,35MRU,816779.9999978954,-206400.00000391336,Cropland,complex,1.2663839311410612
1719,35MRT,810059.9999791873,-212340.00003029776,Cropland,complex,1.2124787647384376
1720,35MRT,801099.9999791873,-286260.0000302978,Cropland,complex,1.2823481664336946
1721,35MRU,814539.9999978954,-184000.00000391336,Cropland,complex,1.20037932979966
1722,35MQT,810839.9999618995,-205620.0000075382,Cropland,complex,1.253549696447069
1723,35MRU,879499.9999978954,-184000.00000391336,Cropland,complex,1.238449309564134
1724,35MRT,890699.9999791873,-207860.00003029776,Cropland,complex,1.2100995766602853
1725,35MRT,810059.9999791873,-292980.0000302978,Cropland,complex,1.2004238739646864
1726,35MRT,899659.9999791873,-263860.0000302978,Cropland,complex,1.399930118236926
1727,35MQT,790679.9999618995,-277300.0000075382,Cropland,complex,1.3331598372172073
1728,35MRT,823499.9999791873,-205620.00003029776,Cropland,complex,1.2474584375376438
1729,36MTD,888862.7512296877,-186738.61745336922,Cropland,complex,1.2234846170012745
1730,35MRU,888459.9999978954,-186240.00000391336,Cropland,complex,1.2544414941134108
1731,35MQT,804119.9999618995,-272820.0000075382,Cropland,complex,1.2506381207346995
1732,35MQT,786199.9999618995,-270580.0000075382,Cropland,complex,1.218947941583276
1733,35MRT,801099.9999791873,-281780.0000302978,Cropland,complex,1.2830931299083814
1734,36MTC,922033.0706216183,-262355.1064070968,Cropland,complex,1.202893865272942
1735,35MQT,790679.9999618995,-304180.0000075382,Cropland,complex,1.2679218067034883
1736,35MQS,790679.9999815882,-307880.00004478084,Cropland,complex,1.2437863391626862
1737,35MQT,801879.9999618995,-225780.0000075382,Cropland,complex,1.3216739140707394
1738,35MRT,832459.9999791873,-205620.00003029776,Cropland,complex,1.2342165326064807
1739,35MQU,810839.9999682134,-154880.00004559453,Cropland,complex,1.3522662027537464
1740,35MQT,801879.9999618995,-295220.0000075382,Cropland,complex,1.2087197339401923
1741,35MRT,854859.9999791873,-198900.00003029776,Cropland,complex,1.2967972319791883
1742,35MQT,792919.9999618995,-230260.0000075382,Cropland,complex,1.2415676938768168
1743,35MQT,790679.9999618995,-279540.0000075382,Cropland,complex,1.2493552088601967
1744,35MRU,819019.9999978954,-157120.00000391336,Cropland,complex,1.3297979489299518
1745,35MRT,861579.9999791873,-203380.00003029776,Cropland,complex,1.3497624740905811
1746,36MTC,926513.0706216183,-248915.10640709678,Cropland,complex,1.2023530874630537
1747,35MQT,790679.9999618995,-308660.0000075382,Cropland,complex,1.2544471615681876
1748,35MRU,834699.9999978954,-184000.00000391336,Cropland,complex,1.2969379133995824
1749,36MTC,926513.0706216183,-226515.10640709678,Cropland,complex,1.4112674948843342
1750,35MRT,850379.9999791873,-198900.00003029776,Cropland,complex,1.2746567168918754
1751,35MRT,807819.9999791873,-286260.0000302978,Cropland,complex,1.260486237633191
1752,35MRT,890699.9999791873,-212340.00003029776,Cropland,complex,1.2020943621711564
1753,35MRT,801099.9999791873,-225780.0000302978,Cropland,complex,1.2747318263060325
1754,35MQT,788439.9999618995,-277300.0000075382,Cropland,complex,1.324592445216981
1755,35MRT,834699.9999791873,-228020.0000302978,Cropland,complex,1.220822838638009
1756,35MRT,805579.9999791873,-297460.0000302978,Cropland,complex,1.2557315770796371
1757,35MRT,825739.9999791873,-221300.0000302978,Cropland,complex,1.2121570194097275
1758,35MQT,783959.9999618995,-297460.0000075382,Cropland,complex,1.2245446408528053
1759,35MRT,825739.9999791873,-207860.00003029776,Cropland,complex,1.259243845978628
1760,35MQT,761559.9999618995,-219060.0000075382,Cropland,complex,1.2342367099285405
1761,35MRT,807819.9999791873,-250420.0000302978,Cropland,complex,1.2081690296269956
1762,35MRU,872779.9999978954,-119040.00000391334,Cropland,complex,1.3218404471378857
1763,35MQT,801879.9999618995,-288500.0000075382,Cropland,complex,1.2904418216401683
1764,35MQT,792919.9999618995,-279540.0000075382,Cropland,complex,1.2552254262819569
1765,35MRT,807819.9999791873,-252660.0000302978,Cropland,complex,1.2143914926650445
1766,35MRU,821259.9999978954,-168320.00000391336,Cropland,complex,1.2379671965131074
1767,35MQT,723479.9999618995,-263860.0000075382,Cropland,complex,1.2097659988673437
1768,36MTD,897822.7512296877,-197938.61745336922,Cropland,complex,1.2218273083222657
1769,35MQT,808599.9999618995,-295220.0000075382,Cropland,complex,1.2213389857898767
1770,35MPT,708639.9999501455,-281779.9999929683,Cropland,complex,1.2321807975520347
1771,35MQS,790679.9999815882,-303400.00004478084,Cropland,complex,1.2150652775275579
1772,35MRU,825739.9999978954,-166080.00000391336,Cropland,complex,1.2607396794445254
1773,35MQT,714519.9999618995,-290740.0000075382,Cropland,complex,1.299164522154821
1774,35MRU,879499.9999978954,-192960.00000391336,Cropland,complex,1.2323753322408633
1775,35MRT,827979.9999791873,-210100.00003029776,Cropland,complex,1.205490501290772
1776,35MRT,803339.9999791873,-219060.00003029776,Cropland,complex,1.3304798098445472
1777,35MQT,792919.9999618995,-232500.0000075382,Cropland,complex,1.2491715169107784
1778,35MRT,879499.9999791873,-236980.0000302978,Cropland,complex,1.2316885708715184
1779,35MRT,881739.9999791873,-219060.00003029776,Cropland,complex,1.2309210580306875
1780,35MRT,807819.9999791873,-290740.0000302978,Cropland,complex,1.3412083217349782
1781,35MRU,819019.9999978954,-166080.00000391336,Cropland,complex,1.2215021862307522
1782,35MRU,881739.9999978954,-201920.00000391336,Cropland,complex,1.4311308208972573
1783,35MRT,801099.9999791873,-290740.0000302978,Cropland,complex,1.2596610232942713
1784,35MQT,712279.9999618995,-292980.0000075382,Cropland,complex,1.3405188381566373
1785,35MRT,810059.9999791873,-228020.0000302978,Cropland,complex,1.2314976409142682
1786,36MTD,884382.7512296877,-119538.61745336924,Cropland,complex,1.3205692838319196
1787,36MTC,886193.0706216183,-204115.10640709675,Cropland,complex,1.2835984188165
1788,35MQU,810839.9999682134,-152640.00004559453,Cropland,complex,1.2749617052577924
1789,35MQS,806359.9999815882,-298920.00004478084,Cropland,complex,1.2551002506441593
1790,35MRU,807819.9999978954,-172800.00000391336,Cropland,complex,1.2205536959731915
1791,35MQT,732439.9999618995,-263860.0000075382,Cropland,complex,1.2450205920830386
1792,35MQT,754839.9999618995,-241460.0000075382,Cropland,complex,1.3599987324725855
1793,35MRT,803339.9999791873,-301940.0000302978,Cropland,complex,1.244023846472004
1794,35MQT,743639.9999618995,-248180.0000075382,Cropland,complex,1.2014640579023868
1795,35MQT,795159.9999618995,-230260.0000075382,Cropland,complex,1.2071461419458738
1796,35MRT,803339.9999791873,-230260.0000302978,Cropland,complex,1.306672762610487
1797,36MTD,877662.7512296877,-209138.61745336922,Cropland,complex,1.200281703473388
1798,35MRU,861579.9999978954,-199680.00000391336,Cropland,complex,1.2038643453509432
1799,36MTD,904542.7512296877,-209138.61745336922,Cropland,complex,1.2550889045642943
1800,35MRU,854859.9999978954,-159360.00000391336,Cropland,complex,1.263829184305985
1801,35MRU,825739.9999978954,-179520.00000391336,Cropland,complex,1.2502957431808894
1802,35MRT,841419.9999791873,-230260.0000302978,Cropland,complex,1.2427365007150921
1803,35MRT,895179.9999791873,-245940.0000302978,Cropland,complex,1.2258774571622397
1804,36MTC,910833.0706216183,-233235.10640709678,Cropland,complex,1.2225957164468706
1805,35MRU,801099.9999978954,-168320.00000391336,Cropland,complex,1.2736292776723523
1806,35MRT,819019.9999791873,-212340.00003029776,Cropland,complex,1.2075831994386457
1807,35MRU,850379.9999978954,-201920.00000391336,Cropland,complex,1.2474630749634592
1808,35MQT,786199.9999618995,-301940.0000075382,Cropland,complex,1.206721252518674
1809,35MRT,807819.9999791873,-275060.0000302978,Cropland,complex,1.2730046706723792
1810,35MQU,757079.9999682134,-190720.00004559453,Cropland,complex,1.2490839117236434
1811,35MQU,754839.9999682134,-208640.00004559453,Cropland,complex,1.4221254662311884
1812,35MRT,803339.9999791873,-281780.0000302978,Cropland,complex,1.2704370415723756
1813,35MQU,754839.9999682134,-206400.00004559453,Cropland,complex,1.388321087508373
1814,35MQT,806359.9999618995,-297460.0000075382,Cropland,complex,1.2577230501628813
1815,35MRU,845899.9999978954,-163840.00000391336,Cropland,complex,1.3559007448535674
1816,35MRU,830219.9999978954,-172800.00000391336,Cropland,complex,1.250803701209208
1817,36MTC,908593.0706216183,-262355.1064070968,Cropland,complex,1.3021337305576803
1818,36MTD,895582.7512296877,-153138.61745336925,Cropland,complex,1.3550162783725928
1819,35MRU,827979.9999978954,-175040.00000391336,Cropland,complex,1.2871766115102856
1820,36MTD,879902.7512296877,-186738.61745336922,Cropland,complex,1.2133680682448147
1821,36MTC,917553.0706216183,-262355.1064070968,Cropland,complex,1.2660621276033175
1822,36MTC,877233.0706216183,-242195.10640709678,Cropland,complex,1.3227768529922095
1823,35MRU,861579.9999978954,-204160.00000391336,Cropland,complex,1.3439518986686598
1824,35MQT,810839.9999618995,-234740.0000075382,Cropland,complex,1.2267036739251296
1825,35MRT,875019.9999791873,-207860.00003029776,Cropland,complex,1.2007963799010521
1826,35MRU,843659.9999978954,-168320.00000391336,Cropland,complex,1.259396432621972
1827,36MTC,915313.0706216183,-253395.10640709678,Cropland,complex,1.2607806358616425
1828,35MQT,712279.9999618995,-290740.0000075382,Cropland,complex,1.4296895694474023
1829,36MTC,895153.0706216183,-251155.10640709678,Cropland,complex,1.2183048378924293
1830,35MQT,754839.9999618995,-201140.0000075382,Cropland,complex,1.2979066996235291
1831,35MRT,883979.9999791873,-230260.0000302978,Cropland,complex,1.4687226169325802
1832,35MRT,875019.9999791873,-252660.0000302978,Cropland,complex,1.2565692119374077
1833,35MRU,832459.9999978954,-177280.00000391336,Cropland,complex,1.2669299755750425
1834,35MRT,861579.9999791873,-234740.0000302978,Cropland,complex,1.2232509279211796
1835,35MRT,850379.9999791873,-257140.0000302978,Cropland,complex,1.3221574226572295
1836,36MTC,899633.0706216183,-215315.10640709675,Cropland,complex,1.248320566644062
1837,35MRU,850379.9999978954,-197440.00000391336,Cropland,complex,1.3160961041462367
1838,35MQT,714519.9999618995,-284020.0000075382,Cropland,complex,1.2268919305481292
1839,35MRU,827979.9999978954,-179520.00000391336,Cropland,complex,1.3130136822988625
1840,35MRT,879499.9999791873,-230260.0000302978,Cropland,complex,1.2892652444582056
1841,35MRT,890699.9999791873,-263860.0000302978,Cropland,complex,1.3549201694944322
1842,35MQT,734679.9999618995,-259380.0000075382,Cropland,complex,1.452554508286378
1843,35MRU,816779.9999978954,-172800.00000391336,Cropland,complex,1.2668532638490637
1844,36MTC,888433.0706216183,-253395.10640709678,Cropland,complex,1.333348911142711
1845,35MRT,848139.9999791873,-201140.00003029776,Cropland,complex,1.354682421543321
1846,35MRU,836939.9999978954,-157120.00000391336,Cropland,complex,1.208759399514188
1847,35MRU,832459.9999978954,-201920.00000391336,Cropland,complex,1.2553070297027489
1848,35MQU,761559.9999682134,-190720.00004559453,Cropland,complex,1.2926203301018784
1849,35MQT,806359.9999618995,-279540.0000075382,Cropland,complex,1.2378059972628344
1850,36MTC,881713.0706216183,-210835.10640709675,Cropland,complex,1.3557122617618422
1851,35MRU,830219.9999978954,-177280.00000391336,Cropland,complex,1.232975076145343
1852,35MQU,810839.9999682134,-204160.00004559453,Cropland,complex,1.3142714011088232
1853,35MQT,721239.9999618995,-263860.0000075382,Cropland,complex,1.5152942470477142
1854,35MQT,804119.9999618995,-299700.0000075382,Cropland,complex,1.2287151565523509
1855,35MRT,805579.9999791873,-295220.0000302978,Cropland,complex,1.2065185293826448
1856,35MQU,810839.9999682134,-206400.00004559453,Cropland,complex,1.221269724206041
1857,36MTC,883953.0706216183,-206355.10640709675,Cropland,complex,1.2608222334265673
1858,36MTD,888862.7512296877,-193458.61745336922,Cropland,complex,1.2249550748199975
1859,35MQT,759319.9999618995,-232500.0000075382,Cropland,complex,1.233319321221657
1860,36MTD,882142.7512296877,-200178.61745336922,Cropland,complex,1.2051065785736839
1861,35MQT,714519.9999618995,-286260.0000075382,Cropland,complex,1.2166779685233324
1862,35MQT,712279.9999618995,-295220.0000075382,Cropland,complex,1.284100928287885
1863,35MRU,854859.9999978954,-157120.00000391336,Cropland,complex,1.2973515593012064
1864,35MQT,763799.9999618995,-223540.0000075382,Cropland,complex,1.402532075496636
1865,35MRU,879499.9999978954,-206400.00000391336,Cropland,complex,1.2239022172197422
1866,35MRT,866059.9999791873,-234740.0000302978,Cropland,complex,1.48809385734639
1867,36MTC,892913.0706216183,-253395.10640709678,Cropland,complex,1.263447184931404
1868,36MTC,926513.0706216183,-239955.10640709678,Cropland,complex,1.2400153798540667
1869,36MTC,874993.0706216183,-228755.10640709678,Cropland,complex,1.2770836319733274
1870,36MTD,877662.7512296877,-191218.61745336922,Cropland,complex,1.2292844266710796
1871,35MQT,797399.9999618995,-214580.0000075382,Cropland,complex,1.2228815817844636
1872,35MRT,801099.9999791873,-297460.0000302978,Cropland,complex,1.2085200371046634
1873,35MRT,895179.9999791873,-266100.0000302978,Cropland,complex,1.2254361873053097
1874,35MQT,795159.9999618995,-277300.0000075382,Cropland,complex,1.233774743396276
1875,35MQT,714519.9999618995,-288500.0000075382,Cropland,complex,1.3055621010402043
1876,35MRU,823499.9999978954,-163840.00000391336,Cropland,complex,1.2901706651111275
1877,35MRT,883979.9999791873,-205620.00003029776,Cropland,complex,1.3068060655753633
1878,35MRT,879499.9999791873,-241460.0000302978,Cropland,complex,1.2696408357200262
1879,35MQS,786199.9999815882,-301160.00004478084,Cropland,complex,1.2909260437268046
1880,35MQT,804119.9999618995,-275060.0000075382,Cropland,complex,1.2350607860528124
1881,35MQT,743639.9999618995,-252660.0000075382,Cropland,complex,1.2270266475947282
1882,35MRT,892939.9999791873,-263860.0000302978,Cropland,complex,1.200424161211136
1883,35MRT,899659.9999791873,-216820.00003029776,Cropland,complex,1.3391815841525134
1884,35MRT,895179.9999791873,-254900.0000302978,Cropland,complex,1.4101251424851318
1885,35MQT,710039.9999618995,-281780.0000075382,Cropland,complex,1.2156978208881426
1886,35MQT,745879.9999618995,-250420.0000075382,Cropland,complex,1.350651695128275
1887,35MRT,807819.9999791873,-223540.0000302978,Cropland,complex,1.2405738000129807
1888,35MRU,857099.9999978954,-152640.00000391336,Cropland,complex,1.24887084487363
1889,35MPT,710879.9999501455,-277299.9999929683,Cropland,complex,1.550397358815938
1890,35MRT,863819.9999791873,-261620.0000302978,Cropland,complex,1.3560015514143537
1891,35MRU,863819.9999978954,-201920.00000391336,Cropland,complex,1.3994640263110838
1892,35MQT,759319.9999618995,-214580.0000075382,Cropland,complex,1.3435878135825223
1893,35MRT,803339.9999791873,-279540.0000302978,Cropland,complex,1.20970924186206
1894,35MRT,897419.9999791873,-198900.00003029776,Cropland,complex,1.2860807573216462
1895,36MTD,884382.7512296877,-206898.61745336922,Cropland,complex,1.3129389172966928
1896,35MQT,801879.9999618995,-210100.0000075382,Cropland,complex,1.234759054272574
1897,35MRU,825739.9999978954,-168320.00000391336,Cropland,complex,1.319534087277207
1898,36MTC,892913.0706216183,-199635.10640709675,Cropland,complex,1.2302771943185744
1899,35MQT,716759.9999618995,-266100.0000075382,Cropland,complex,1.2632437305844455
1900,36MTC,928753.0706216183,-235475.10640709678,Cropland,complex,1.388671503088693
1901,35MRT,807819.9999791873,-263860.0000302978,Cropland,complex,1.2472722672342182
1902,35MRT,886219.9999791873,-203380.00003029776,Cropland,complex,1.324059372575694
1903,35MQT,714519.9999618995,-281780.0000075382,Cropland,complex,1.323169860325914
1904,35MQS,788439.9999815882,-305640.00004478084,Cropland,complex,1.2681124627959073
1905,35MRT,801099.9999791873,-295220.0000302978,Cropland,complex,1.21256127104783
1906,35MQT,745879.9999618995,-241460.0000075382,Cropland,complex,1.2144200739021567
1907,35MQT,801879.9999618995,-228020.0000075382,Cropland,complex,1.3663729834483702
1908,35MRT,807819.9999791873,-228020.0000302978,Cropland,complex,1.3113366960185302
1909,35MQT,730199.9999618995,-263860.0000075382,Cropland,complex,1.296260287098537
1910,35MQU,781719.9999682134,-181760.00004559453,Cropland,complex,1.3737381182143782
1911,35MRT,810059.9999791873,-223540.0000302978,Cropland,complex,1.2407111407126736
1912,36MTD,879902.7512296877,-193458.61745336922,Cropland,complex,1.3347244938895213
1913,35MQT,804119.9999618995,-257140.0000075382,Cropland,complex,1.2542632090086572
1914,35MRU,859339.9999978954,-204160.00000391336,Cropland,complex,1.3655598593210747
1915,35MQT,804119.9999618995,-281780.0000075382,Cropland,complex,1.2881791516311119
1916,35MRU,814539.9999978954,-166080.00000391336,Cropland,complex,1.2073854268675297
1917,35MRT,803339.9999791873,-234740.0000302978,Cropland,complex,1.349719992321972
1918,35MQU,810839.9999682134,-186240.00004559453,Cropland,complex,1.2074263182992564
1919,36MTC,908593.0706216183,-215315.10640709675,Cropland,complex,1.2438686444571445
1920,35MRT,879499.9999791873,-207860.00003029776,Cropland,complex,1.2276404760731452
1921,35MRT,803339.9999791873,-290740.0000302978,Cropland,complex,1.2635018797383617
1922,36MTD,900062.7512296877,-204658.61745336922,Cropland,complex,1.2542780197682406
1923,35MQT,770519.9999618995,-263860.0000075382,Cropland,complex,1.236037806662638
1924,35MRT,859339.9999791873,-203380.00003029776,Cropland,complex,1.3042024723197136
1925,35MQU,804119.9999682134,-170560.00004559453,Cropland,complex,1.4349703447472808
1926,35MRU,812299.9999978954,-166080.00000391336,Cropland,complex,1.3129343834940168
1927,36MTC,915313.0706216183,-251155.10640709678,Cropland,complex,1.2902727450459577
1928,35MRT,803339.9999791873,-292980.0000302978,Cropland,complex,1.292261404830379
1929,35MQU,754839.9999682134,-195200.00004559453,Cropland,complex,1.2348516074108669
1930,35MRT,863819.9999791873,-252660.0000302978,Cropland,complex,1.4421132670796515
1931,35MRT,875019.9999791873,-212340.00003029776,Cropland,complex,1.2398790417993544
1932,36MTC,899633.0706216183,-206355.10640709675,Cropland,complex,1.2325245010616488
1933,35MRT,870539.9999791873,-205620.00003029776,Cropland,complex,1.2425720566263165
1934,35MQT,801879.9999618995,-290740.0000075382,Cropland,complex,1.2578055689257417
1935,35MRT,908619.9999791873,-214580.00003029776,Cropland,complex,1.2182098799609273
1936,35MQT,788439.9999618995,-299700.0000075382,Cropland,complex,1.2912396651616467
1937,35MRU,819019.9999978954,-170560.00000391336,Cropland,complex,1.201078029538369
1938,36MTD,882142.7512296877,-202418.61745336922,Cropland,complex,1.216802059579371
1939,35MQT,804119.9999618995,-236980.0000075382,Cropland,complex,1.2552787458654446
1940,35MRU,823499.9999978954,-175040.00000391336,Cropland,complex,1.3080532205785058
1941,36MTC,886193.0706216183,-257875.10640709678,Cropland,complex,1.3174741795406955
1942,35MRU,866059.9999978954,-201920.00000391336,Cropland,complex,1.2013271679018143
1943,36MTC,879473.0706216183,-208595.10640709675,Cropland,complex,1.2834406898268331
1944,35MRT,881739.9999791873,-212340.00003029776,Cropland,complex,1.208735231665142
1945,35MRU,805579.9999978954,-172800.00000391336,Cropland,complex,1.305811061580068
1946,35MRU,812299.9999978954,-208640.00000391336,Cropland,complex,1.246310509108289
1947,35MRU,890699.9999978954,-181760.00000391336,Cropland,complex,1.481036079267193
1948,35MRT,892939.9999791873,-210100.00003029776,Cropland,complex,1.3149094047312009
1949,35MQT,730199.9999618995,-268340.0000075382,Cropland,complex,1.3337222768944255
1950,35MQT,808599.9999618995,-225780.0000075382,Cropland,complex,1.2548837885523099
1951,35MRT,830219.9999791873,-210100.00003029776,Cropland,complex,1.2245101799639926
1952,35MRT,904139.9999791873,-210100.00003029776,Cropland,complex,1.3151313105445397
1953,35MQT,759319.9999618995,-216820.0000075382,Cropland,complex,1.405831453179461
1954,35MQT,801879.9999618995,-207860.0000075382,Cropland,complex,1.204663347596429
1955,35MRT,886219.9999791873,-250420.0000302978,Cropland,complex,1.2512762621809221
1956,36MTC,883953.0706216183,-201875.10640709675,Cropland,complex,1.2337375518834752
1957,35MRT,845899.9999791873,-201140.00003029776,Cropland,complex,1.3355273618954966
1958,35MRU,859339.9999978954,-172800.00000391336,Cropland,complex,1.257588009990963
1959,35MQU,754839.9999682134,-201920.00004559453,Cropland,complex,1.2087693366256496
1960,35MRT,850379.9999791873,-254900.0000302978,Cropland,complex,1.3835394473963436
1961,35MRU,888459.9999978954,-188480.00000391336,Cropland,complex,1.2455562435973255
1962,35MQT,732439.9999618995,-266100.0000075382,Cropland,complex,1.230942890163803
1963,35MRU,821259.9999978954,-161600.00000391336,Cropland,complex,1.2788834085849596
1964,35MRT,803339.9999791873,-275060.0000302978,Cropland,complex,1.2220751733968571
1965,35MRT,881739.9999791873,-201140.00003029776,Cropland,complex,1.465278867878065
1966,35MQT,810839.9999618995,-203380.0000075382,Cropland,complex,1.3199985989213332
1967,36MTD,877662.7512296877,-197938.61745336922,Cropland,complex,1.278693402513916
1968,35MQU,752599.9999682134,-181760.00004559453,Cropland,complex,1.243361930353823
1969,35MRU,816779.9999978954,-166080.00000391336,Cropland,complex,1.3465230808231927
1970,35MRT,910859.9999791873,-261620.0000302978,Cropland,complex,1.366369797824145
1971,35MQT,804119.9999618995,-219060.0000075382,Cropland,complex,1.339586201563367
1972,35MRU,877259.9999978954,-197440.00000391336,Cropland,complex,1.34936779415069
1973,35MQT,799639.9999618995,-297460.0000075382,Cropland,complex,1.2469878802112726
1974,35MQT,810839.9999618995,-225780.0000075382,Cropland,complex,1.3202205854177331
1975,35MRT,810059.9999791873,-205620.00003029776,Cropland,complex,1.3304080801405984
1976,35MRT,892939.9999791873,-254900.0000302978,Cropland,complex,1.309041683883588
1977,35MQT,799639.9999618995,-295220.0000075382,Cropland,complex,1.3293162944644794
1978,36MTC,877233.0706216183,-237715.10640709678,Cropland,complex,1.2588110879241723
1979,35MRT,877259.9999791873,-243700.0000302978,Cropland,complex,1.333213053988453
1980,36MTD,884382.7512296877,-121778.61745336924,Cropland,complex,1.255026767156233
1981,35MQT,804119.9999618995,-228020.0000075382,Cropland,complex,1.2580458558595982
1982,35MRT,801099.9999791873,-288500.0000302978,Cropland,complex,1.2262231756197883
1983,35MRT,803339.9999791873,-236980.0000302978,Cropland,complex,1.2405848890432636
1984,35MRT,823499.9999791873,-257140.0000302978,Cropland,complex,1.2063418797390626
1985,35MRU,859339.9999978954,-181760.00000391336,Cropland,complex,1.3126565381551585
1986,35MRU,812299.9999978954,-184000.00000391336,Cropland,complex,1.2045535735039095
1987,35MRU,854859.9999978954,-163840.00000391336,Cropland,complex,1.3048245380270371
1988,36MTC,892913.0706216183,-264595.1064070968,Cropland,complex,1.3054086493738999
1989,36MTC,877233.0706216183,-230995.10640709678,Cropland,complex,1.2110343813619209
1990,35MRT,899659.9999791873,-205620.00003029776,Cropland,complex,1.2408203020518835
1991,35MQT,806359.9999618995,-295220.0000075382,Cropland,complex,1.2713182824685525
1992,35MRU,814539.9999978954,-157120.00000391336,Cropland,complex,1.3476533517258333
1993,35MRT,807819.9999791873,-270580.0000302978,Cropland,complex,1.2448074224601937
1994,36MTC,895153.0706216183,-255635.10640709678,Cropland,complex,1.3063037217360487
1995,35MRT,807819.9999791873,-288500.0000302978,Cropland,complex,1.3428136329846017
1996,35MQT,806359.9999618995,-254900.0000075382,Cropland,complex,1.2009743768640628
1997,36MTC,895153.0706216183,-246675.10640709678,Cropland,complex,1.2322276367400398
1998,36MTC,879473.0706216183,-242195.10640709678,Cropland,complex,1.2805743127311298
1999,36MTD,877662.7512296877,-195698.61745336922,Cropland,complex,1.2919413900257974
2000,36MTC,888433.0706216183,-260115.10640709678,Cropland,complex,1.251544140499811
2001,36MTD,891102.7512296877,-182258.61745336922,Cropland,complex,1.4187996672086314
2002,35MRU,879499.9999978954,-152640.00000391336,Cropland,complex,1.3060215654346774
2003,35MRU,892939.9999978954,-208640.00000391336,Cropland,complex,1.2646924978860241
2004,35MRT,877259.9999791873,-241460.0000302978,Cropland,complex,1.2111807340710052
2005,35MRU,868299.9999978954,-184000.00000391336,Cropland,complex,1.3298957126108575
2006,35MRU,841419.9999978954,-154880.00000391336,Cropland,complex,1.2194665132789668
2007,35MRU,816779.9999978954,-184000.00000391336,Cropland,complex,1.2113797222029312
2008,35MQT,804119.9999618995,-306420.0000075382,Cropland,complex,1.26859703496174
2009,35MRS,805580.0000135569,-298920.0000393959,Cropland,complex,1.27093903046951
2010,35MRU,816779.9999978954,-161600.00000391336,Cropland,complex,1.3145847792455365
2011,35MRU,852619.9999978954,-157120.00000391336,Cropland,complex,1.2153826315438299
2012,35MRU,841419.9999978954,-172800.00000391336,Cropland,complex,1.218582468372926
2013,35MRT,888459.9999791873,-252660.0000302978,Cropland,complex,1.3149287347270109
2014,35MQU,754839.9999682134,-199680.00004559453,Cropland,complex,1.2612570512971986
2015,35MRU,859339.9999978954,-179520.00000391336,Cropland,complex,1.3322148249398555
2016,35MRT,807819.9999791873,-198900.00003029776,Cropland,complex,1.2227310944233012
2017,35MRT,883979.9999791873,-212340.00003029776,Cropland,complex,1.215247139978489
2018,35MRU,821259.9999978954,-184000.00000391336,Cropland,complex,1.209210110619885
2019,35MQU,797399.9999682134,-170560.00004559453,Cropland,complex,1.261437282782267
2020,35MRT,890699.9999791873,-254900.0000302978,Cropland,complex,1.34944901208178
2021,35MQT,808599.9999618995,-281780.0000075382,Cropland,complex,1.419504812711032
2022,35MRT,803339.9999791873,-277300.0000302978,Cropland,complex,1.223037362182317
2023,35MRU,852619.9999978954,-197440.00000391336,Cropland,complex,1.2889653345054584
2024,35MRT,834699.9999791873,-225780.0000302978,Cropland,complex,1.2010816682092895
2025,35MRT,807819.9999791873,-210100.00003029776,Cropland,complex,1.2147488757932177
2026,35MQT,804119.9999618995,-279540.0000075382,Cropland,complex,1.2297721596678621
2027,35MQT,804119.9999618995,-234740.0000075382,Cropland,complex,1.3622660594639393
2028,35MRU,850379.9999978954,-150400.00000391336,Cropland,complex,1.2716583181591552
2029,35MRT,807819.9999791873,-268340.0000302978,Cropland,complex,1.2390656280749337
2030,36MTC,881713.0706216183,-201875.10640709675,Cropland,complex,1.4384912286027165
2031,35MRU,836939.9999978954,-159360.00000391336,Cropland,complex,1.3437248243650834
2032,35MRU,812299.9999978954,-204160.00000391336,Cropland,complex,1.265424163102663
2033,35MQT,806359.9999618995,-277300.0000075382,Cropland,complex,1.2164266033722109
2034,36MTD,893342.7512296877,-200178.61745336922,Cropland,complex,1.2935131930128139
2035,35MRT,866059.9999791873,-201140.00003029776,Cropland,complex,1.2040421472636051
2036,36MTC,917553.0706216183,-257875.10640709678,Cropland,complex,1.2401139201290017
2037,36MTD,868702.7512296876,-184498.61745336922,Cropland,complex,1.2733151694362577
2038,35MQT,801879.9999618995,-277300.0000075382,Cropland,complex,1.2503250390584302
2039,35MRU,877259.9999978954,-192960.00000391336,Cropland,complex,1.3918616427119748
2040,35MRU,830219.9999978954,-186240.00000391336,Cropland,complex,1.3275914083157891
2041,35MQT,808599.9999618995,-292980.0000075382,Cropland,complex,1.3543317076129637
2042,36MTD,875422.7512296876,-195698.61745336922,Cropland,complex,1.2718675794722867
2043,35MQT,739159.9999618995,-257140.0000075382,Cropland,complex,1.2166713827145652
2044,35MQU,806359.9999682134,-197440.00004559453,Cropland,complex,1.2405478254864342
2045,35MQT,763799.9999618995,-228020.0000075382,Cropland,complex,1.3998709679839052
2046,35MRT,866059.9999791873,-236980.0000302978,Cropland,complex,1.2078951284200252
2047,35MQT,790679.9999618995,-245940.0000075382,Cropland,complex,1.2361134713729678
2048,35MRT,816779.9999791873,-205620.00003029776,Cropland,complex,1.2141587859087133
2049,35MRT,801099.9999791873,-277300.0000302978,Cropland,complex,1.2953784555940056
2050,35MRU,890699.9999978954,-177280.00000391336,Cropland,complex,1.3277477072821167
2051,35MQU,792919.9999682134,-186240.00004559453,Cropland,complex,1.223069651141643
2052,35MQS,804119.9999815882,-312360.00004478084,Cropland,complex,1.2398762626445812
2053,35MQT,725719.9999618995,-275060.0000075382,Cropland,complex,1.2008725308986472
2054,35MQT,716759.9999618995,-292980.0000075382,Cropland,complex,1.337111268739501
2055,35MQU,806359.9999682134,-172800.00004559453,Cropland,complex,1.3482336015374115
2056,35MQT,810839.9999618995,-232500.0000075382,Cropland,complex,1.285261894205932
2057,36MTC,879473.0706216183,-224275.10640709678,Cropland,complex,1.2082010739669498
2058,35MRU,843659.9999978954,-161600.00000391336,Cropland,complex,1.3536467709343123
2059,35MRT,807819.9999791873,-277300.0000302978,Cropland,complex,1.2013133521365353
2060,36MTC,897393.0706216183,-253395.10640709678,Cropland,complex,1.2232270234781328
2061,35MQT,797399.9999618995,-205620.0000075382,Cropland,complex,1.2433490077004274
2062,35MQT,752599.9999618995,-241460.0000075382,Cropland,complex,1.4531465092648501
2063,35MRT,812299.9999791873,-207860.00003029776,Cropland,complex,1.301750469400605
2064,35MRU,879499.9999978954,-208640.00000391336,Cropland,complex,1.2833395093319004
2065,35MRU,814539.9999978954,-206400.00000391336,Cropland,complex,1.281850482945496
2066,35MRU,886219.9999978954,-204160.00000391336,Cropland,complex,1.2748875077375563
2067,35MRS,803340.0000135569,-303400.0000393959,Cropland,complex,1.2325311418870535
2068,36MTD,879902.7512296877,-139698.61745336925,Cropland,complex,1.26547606302939
2069,35MQT,734679.9999618995,-261620.0000075382,Cropland,complex,1.2721605095490158
2070,36MTC,919793.0706216183,-230995.10640709678,Cropland,complex,1.3271871999195293
2071,35MRU,897419.9999978954,-197440.00000391336,Cropland,complex,1.2438336226551998
2072,35MRT,803339.9999791873,-225780.0000302978,Cropland,complex,1.247501227615697
2073,35MRU,836939.9999978954,-166080.00000391336,Cropland,complex,1.2830946148305271
2074,35MRT,863819.9999791873,-203380.00003029776,Cropland,complex,1.2287593460774704
2075,35MRU,816779.9999978954,-170560.00000391336,Cropland,complex,1.3266790372816444
2076,35MRU,841419.9999978954,-166080.00000391336,Cropland,complex,1.3112071409131056
2077,35MRT,832459.9999791873,-259380.0000302978,Cropland,complex,1.3187355734824877
2078,36MTC,890673.0706216183,-255635.10640709678,Cropland,complex,1.3502305816107967
2079,35MQS,783959.9999815882,-298920.00004478084,Cropland,complex,1.2337456716231237
2080,35MRT,832459.9999791873,-201140.00003029776,Cropland,complex,1.2318922154866376
2081,36MTD,868702.7512296876,-173298.61745336925,Cropland,complex,1.271823773424363
2082,35MQT,799639.9999618995,-223540.0000075382,Cropland,complex,1.2802203136631656
2083,35MRT,807819.9999791873,-257140.0000302978,Cropland,complex,1.2585075587702206
2084,36MTC,908593.0706216183,-253395.10640709678,Cropland,complex,1.249761604533333
2085,35MRT,805579.9999791873,-272820.0000302978,Cropland,complex,1.259690604171835
2086,36MTC,899633.0706216183,-217555.10640709675,Cropland,complex,1.3261001006103819
2087,35MQU,806359.9999682134,-157120.00004559453,Cropland,complex,1.26644148894391
2088,35MQT,799639.9999618995,-277300.0000075382,Cropland,complex,1.2016409061247382
2089,35MRT,877259.9999791873,-248180.0000302978,Cropland,complex,1.3385289307798185
2090,35MRT,805579.9999791873,-228020.0000302978,Cropland,complex,1.3322477541285822
2091,35MQT,759319.9999618995,-212340.0000075382,Cropland,complex,1.2229423883685577
2092,35MRU,848139.9999978954,-190720.00000391336,Cropland,complex,1.214630252936061
2093,35MQT,745879.9999618995,-288500.0000075382,Cropland,complex,1.262827880535542
2094,35MQT,723479.9999618995,-288500.0000075382,Cropland,complex,1.2123924271919797
2095,35MRU,854859.9999978954,-150400.00000391336,Cropland,complex,1.2219700155820052
2096,35MRT,850379.9999791873,-201140.00003029776,Cropland,complex,1.2402955092471908
2097,35MRT,897419.9999791873,-205620.00003029776,Cropland,complex,1.2361742009088332
2098,35MRT,803339.9999791873,-259380.0000302978,Cropland,complex,1.3587782759766278
2099,35MQT,808599.9999618995,-290740.0000075382,Cropland,complex,1.3288361220700156
2100,35MQT,714519.9999618995,-266100.0000075382,Cropland,complex,1.3393299111466217
2101,36MTD,893342.7512296877,-209138.61745336922,Cropland,complex,1.2484664455177201
2102,35MRT,807819.9999791873,-225780.0000302978,Cropland,complex,1.2605591332804353
2103,35MRT,839179.9999791873,-203380.00003029776,Cropland,complex,1.2536349638201407
2104,35MRU,827979.9999978954,-186240.00000391336,Cropland,complex,1.2522037862620912
2105,35MRT,872779.9999791873,-248180.0000302978,Cropland,complex,1.2552651136989281
2106,35MRU,857099.9999978954,-201920.00000391336,Cropland,complex,1.3003242837100646
2107,35MQU,795159.9999682134,-170560.00004559453,Cropland,complex,1.256580370841745
2108,35MRU,834699.9999978954,-159360.00000391336,Cropland,complex,1.2407961432625587
2109,36MTC,904113.0706216183,-208595.10640709675,Cropland,complex,1.2035551252345056
2110,35MQT,808599.9999618995,-228020.0000075382,Cropland,complex,1.303800715737871
2111,35MQT,761559.9999618995,-221300.0000075382,Cropland,complex,1.3703472960509453
2112,35MQT,808599.9999618995,-284020.0000075382,Cropland,complex,1.23646627186411
2113,35MQT,806359.9999618995,-270580.0000075382,Cropland,complex,1.2186372687271227
2114,36MTD,888862.7512296877,-206898.61745336922,Cropland,complex,1.4092259664203899
2115,35MQS,788439.9999815882,-298920.00004478084,Cropland,complex,1.3085697750692382
2116,35MRT,895179.9999791873,-203380.00003029776,Cropland,complex,1.2653650401778032
2117,35MRU,810059.9999978954,-204160.00000391336,Cropland,complex,1.239984288195935
2118,35MQT,763799.9999618995,-230260.0000075382,Cropland,complex,1.3590148481282154
2119,35MRT,881739.9999791873,-230260.0000302978,Cropland,complex,1.3993027377500873
2120,35MQS,804119.9999815882,-298920.00004478084,Cropland,complex,1.2157261401548047
2121,35MQU,779479.9999682134,-181760.00004559453,Cropland,complex,1.378954918700413
2122,35MQT,732439.9999618995,-261620.0000075382,Cropland,complex,1.2258073638123936
2123,35MRU,827979.9999978954,-184000.00000391336,Cropland,complex,1.2508959767211834
2124,35MRT,801099.9999791873,-228020.0000302978,Cropland,complex,1.2446139951883375
2125,36MTC,883953.0706216183,-255635.10640709678,Cropland,complex,1.2853352358215626
2126,35MRT,807819.9999791873,-295220.0000302978,Cropland,complex,1.2601501097033865
2127,35MRU,850379.9999978954,-154880.00000391336,Cropland,complex,1.277847076802197
2128,35MRT,861579.9999791873,-201140.00003029776,Cropland,complex,1.2330942102609952
2129,36MTC,919793.0706216183,-262355.1064070968,Cropland,complex,1.3458901805903554
2130,36MTC,915313.0706216183,-244435.10640709678,Cropland,complex,1.263391908314294
2131,35MRU,801099.9999978954,-172800.00000391336,Cropland,complex,1.2411146357018015
2132,35MRT,810059.9999791873,-225780.0000302978,Cropland,complex,1.328574475407027
2133,35MRT,803339.9999791873,-223540.0000302978,Cropland,complex,1.2286810483990454
2134,35MRT,805579.9999791873,-279540.0000302978,Cropland,complex,1.258094322768609
2135,35MRT,877259.9999791873,-236980.0000302978,Cropland,complex,1.269766746920291
2136,36MTD,877662.7512296877,-206898.61745336922,Cropland,complex,1.2445570725857624
2137,35MRT,827979.9999791873,-207860.00003029776,Cropland,complex,1.2616807376665136
2138,36MTD,893342.7512296877,-191218.61745336922,Cropland,complex,1.4808742188324888
2139,36MTC,874993.0706216183,-210835.10640709675,Cropland,complex,1.2410465711103735
2140,35MRU,892939.9999978954,-192960.00000391336,Cropland,complex,1.222384122996245
2141,36MTD,900062.7512296877,-209138.61745336922,Cropland,complex,1.2056769577363475
2142,35MRT,881739.9999791873,-210100.00003029776,Cropland,complex,1.2495099079670193
2143,35MRU,812299.9999978954,-152640.00000391336,Cropland,complex,1.2270743376922502
2144,35MRT,852619.9999791873,-198900.00003029776,Cropland,complex,1.2431684439790656
2145,35MRU,883979.9999978954,-206400.00000391336,Cropland,complex,1.2681328328567754
2146,35MRT,803339.9999791873,-257140.0000302978,Cropland,complex,1.2701163496642525
2147,35MQU,792919.9999682134,-179520.00004559453,Cropland,complex,1.2417824577701988
2148,35MQT,736919.9999618995,-259380.0000075382,Cropland,complex,1.2826589206025958
2149,35MRT,807819.9999791873,-292980.0000302978,Cropland,complex,1.281544351568159
2150,35MRU,845899.9999978954,-201920.00000391336,Cropland,complex,1.309645651184367
2151,35MRT,801099.9999791873,-210100.00003029776,Cropland,complex,1.2211576061044258
2152,36MTC,883953.0706216183,-228755.10640709678,Cropland,complex,1.2907279592850203
2153,35MRT,886219.9999791873,-254900.0000302978,Cropland,complex,1.204623036665463
2154,35MRT,836939.9999791873,-230260.0000302978,Cropland,complex,1.211977499234078
2155,35MQT,801879.9999618995,-281780.0000075382,Cropland,complex,1.2874349402938239
2156,35MQT,752599.9999618995,-234740.0000075382,Cropland,complex,1.2656105681453242
2157,35MRU,832459.9999978954,-175040.00000391336,Cropland,complex,1.2354648584638253
2158,35MPT,710879.9999501455,-290739.9999929683,Cropland,complex,1.2118940421436735
2159,36MTC,926513.0706216183,-244435.10640709678,Cropland,complex,1.2045665196131488
2160,35MRU,816779.9999978954,-168320.00000391336,Cropland,complex,1.2975404047156878
2161,35MQT,745879.9999618995,-248180.0000075382,Cropland,complex,1.221506564864161
2162,35MRU,857099.9999978954,-184000.00000391336,Cropland,complex,1.2311964685328107
2163,35MQT,790679.9999618995,-290740.0000075382,Cropland,complex,1.241949441307431
2164,35MRT,803339.9999791873,-228020.0000302978,Cropland,complex,1.2056434464923964
2165,35MQT,725719.9999618995,-281780.0000075382,Cropland,complex,1.283738180622482
2166,35MRU,866059.9999978954,-208640.00000391336,Cropland,complex,1.2248686622913436
2167,35MRT,848139.9999791873,-203380.00003029776,Cropland,complex,1.2130765387672169
2168,35MRU,861579.9999978954,-192960.00000391336,Cropland,complex,1.2522928636604478
2169,35MRU,892939.9999978954,-199680.00000391336,Cropland,complex,1.2353069512606654
2170,35MRU,879499.9999978954,-150400.00000391336,Cropland,complex,1.2158732268830612
2171,35MRU,821259.9999978954,-181760.00000391336,Cropland,complex,1.2255385174301332
2172,35MQT,795159.9999618995,-288500.0000075382,Cropland,complex,1.29992338111352
2173,35MRU,803339.9999978954,-170560.00000391336,Cropland,complex,1.2706547585582408
2174,36MTD,884382.7512296877,-202418.61745336922,Cropland,complex,1.3354477776611131
2175,35MQT,752599.9999618995,-236980.0000075382,Cropland,complex,1.3751735840637955
2176,35MRU,810059.9999978954,-152640.00000391336,Cropland,complex,1.4355209838771552
2177,35MRT,812299.9999791873,-203380.00003029776,Cropland,complex,1.3126820411346585
2178,35MQS,804119.9999815882,-301160.00004478084,Cropland,complex,1.2263643098095498
2179,35MRT,888459.9999791873,-205620.00003029776,Cropland,complex,1.3192115895081433
2180,35MRU,832459.9999978954,-184000.00000391336,Cropland,complex,1.2720727764628137
2181,35MRT,859339.9999791873,-223540.0000302978,Cropland,complex,1.2142425635496572
2182,35MQU,801879.9999682134,-168320.00004559453,Cropland,complex,1.4393355134045336
2183,36MTD,895582.7512296877,-146418.61745336925,Cropland,complex,1.4131091290023141
2184,36MTC,890673.0706216183,-264595.1064070968,Cropland,complex,1.3210216725315622
2185,36MTD,888862.7512296877,-188978.61745336922,Cropland,complex,1.3025149228882476
2186,36MTC,915313.0706216183,-257875.10640709678,Cropland,complex,1.221387065687237
2187,35MRT,819019.9999791873,-214580.00003029776,Cropland,complex,1.2068329011060859
2188,35MRT,801099.9999791873,-223540.0000302978,Cropland,complex,1.2277086057506275
2189,36MTC,883953.0706216183,-230995.10640709678,Cropland,complex,1.4439540531115052
2190,36MTC,917553.0706216183,-253395.10640709678,Cropland,complex,1.278214785105778
2191,35MQT,759319.9999618995,-230260.0000075382,Cropland,complex,1.2531175794215645
2192,36MTC,883953.0706216183,-251155.10640709678,Cropland,complex,1.2151997051739818
2193,35MRT,830219.9999791873,-212340.00003029776,Cropland,complex,1.3024040075292074
2194,35MQT,714519.9999618995,-292980.0000075382,Cropland,complex,1.2888799322109976
2195,35MRT,888459.9999791873,-254900.0000302978,Cropland,complex,1.2490961196882733
2196,36MTC,868273.0706216183,-210835.10640709675,Cropland,complex,1.2092962377285874
2197,35MQU,792919.9999682134,-184000.00004559453,Cropland,complex,1.2003904511954995
2198,35MRT,861579.9999791873,-248180.0000302978,Cropland,complex,1.2011297653254194
2199,35MRT,803339.9999791873,-306420.0000302978,Cropland,complex,1.2381632162835448
2200,35MRU,832459.9999978954,-206400.00000391336,Cropland,complex,1.2188710720997884
2201,35MRU,854859.9999978954,-199680.00000391336,Cropland,complex,1.3476299046701425
2202,36MTC,895153.0706216183,-257875.10640709678,Cropland,complex,1.215045474937648
2203,35MRU,810059.9999978954,-206400.00000391336,Cropland,complex,1.3309423935951288
2204,35MRT,886219.9999791873,-257140.0000302978,Cropland,complex,1.333137597409925
2205,35MQT,806359.9999618995,-228020.0000075382,Cropland,complex,1.3177771915878476
2206,35MQT,799639.9999618995,-270580.0000075382,Cropland,complex,1.245692676833757
2207,35MRU,825739.9999978954,-206400.00000391336,Cropland,complex,1.2348313331478864
2208,35MQT,792919.9999618995,-288500.0000075382,Cropland,complex,1.2475689829177465
2209,35MRU,904139.9999978954,-208640.00000391336,Cropland,complex,1.207630343129459
2210,35MRT,899659.9999791873,-257140.0000302978,Cropland,complex,1.23024467616079
2211,35MRT,805579.9999791873,-254900.0000302978,Cropland,complex,1.2277480499650233
2212,36MTC,879473.0706216183,-248915.10640709678,Cropland,complex,1.2746474747690075
2213,35MQT,804119.9999618995,-232500.0000075382,Cropland,complex,1.3528770025455905
2214,35MQT,712279.9999618995,-288500.0000075382,Cropland,complex,1.3298708264183003
2215,35MQT,786199.9999618995,-286260.0000075382,Cropland,complex,1.2534345094621837
2216,35MQT,801879.9999618995,-279540.0000075382,Cropland,complex,1.225938283627777
2217,35MRT,854859.9999791873,-201140.00003029776,Cropland,complex,1.2472388710135702
2218,35MRU,877259.9999978954,-195200.00000391336,Cropland,complex,1.264582453190547
2219,35MQT,801879.9999618995,-292980.0000075382,Cropland,complex,1.224992294323935
2220,35MQT,741399.9999618995,-281780.0000075382,Forest,homogeneous,0.3418803970837236
2221,35MQS,763799.9999815882,-314600.00004478084,Forest,homogeneous,0.006276107215639797
2222,35MQT,766039.9999618995,-277300.0000075382,Forest,homogeneous,0.41622958690275935
2223,35MQU,774999.9999682134,-168320.00004559453,Forest,homogeneous,1.7642181664297867e-05
2224,35MQU,768279.9999682134,-166080.00004559453,Forest,homogeneous,0.0032318635373619915
2225,35MRU,906379.9999978954,-175040.00000391336,Forest,homogeneous,0.47915087096999043
2226,36MTD,915742.7512296877,-204658.61745336922,Forest,homogeneous,0.03425623683216559
2227,35MQT,763799.9999618995,-261620.0000075382,Forest,homogeneous,0.3744190787761411
2228,35MQS,766039.9999815882,-303400.00004478084,Forest,homogeneous,0.04098513457589567
2229,35MRT,910859.9999791873,-207860.00003029776,Forest,homogeneous,0.43815775746532565
2230,35MQT,752599.9999618995,-266100.0000075382,Forest,homogeneous,0.03107323460565088
2231,36MTD,902302.7512296877,-177778.61745336922,Forest,homogeneous,0.24479016853045119
2232,35MQU,777239.9999682134,-159360.00004559453,Forest,homogeneous,7.223930169052946e-07
2233,35MRU,906379.9999978954,-186240.00000391336,Forest,homogeneous,0.12952129591500539
2234,35MQU,777239.9999682134,-161600.00004559453,Forest,homogeneous,0.09082500699287725
2235,36MTD,913502.7512296877,-188978.61745336922,Forest,homogeneous,0.4613852612177702
2236,36MTC,910833.0706216183,-210835.10640709675,Forest,homogeneous,0.37281949700020944
2237,35MQT,730199.9999618995,-272820.0000075382,Forest,homogeneous,0.08358012254333039
2238,35MRU,892939.9999978954,-166080.00000391336,Forest,homogeneous,0.2568890466551067
2239,35MQU,797399.9999682134,-154880.00004559453,Forest,homogeneous,0.24953614783552264
2240,35MQU,799639.9999682134,-154880.00004559453,Forest,homogeneous,0.34772654214657683
2241,35MQT,734679.9999618995,-270580.0000075382,Forest,homogeneous,0.49865623945054793
2242,36MTD,915742.7512296877,-197938.61745336922,Forest,homogeneous,0.08505753288729405
2243,35MQT,745879.9999618995,-286260.0000075382,Forest,homogeneous,0.46064139704918083
2244,35MRU,908619.9999978954,-168320.00000391336,Forest,homogeneous,0.15953015972632972
2245,35MRU,890699.9999978954,-168320.00000391336,Forest,homogeneous,0.15541194916250112
2246,35MQS,766039.9999815882,-301160.00004478084,Forest,homogeneous,0.10054594223906389
2247,36MTD,893342.7512296877,-166578.61745336925,Forest,homogeneous,0.08153703342860401
2248,36MTD,917982.7512296877,-195698.61745336922,Forest,homogeneous,0.23920229355681563
2249,35MRU,895179.9999978954,-175040.00000391336,Forest,homogeneous,0.04801514345799156
2250,35MQT,768279.9999618995,-297460.0000075382,Forest,homogeneous,0.36752775608783134
2251,36MTD,911262.7512296877,-164338.61745336925,Forest,homogeneous,0.44551210045665424
2252,35MQT,741399.9999618995,-275060.0000075382,Forest,homogeneous,0.015174619067653668
2253,35MRU,910859.9999978954,-177280.00000391336,Forest,homogeneous,0.07516420278346805
2254,35MQT,734679.9999618995,-275060.0000075382,Forest,homogeneous,0.0186073647263417
2255,35MQT,759319.9999618995,-275060.0000075382,Forest,homogeneous,0.03941142452180569
2256,36MTC,930993.0706216183,-230995.10640709678,Forest,homogeneous,0.40254670458536346
2257,35MQT,757079.9999618995,-279540.0000075382,Forest,homogeneous,3.5784839910916785e-05
2258,35MQT,761559.9999618995,-288500.0000075382,Forest,homogeneous,0.12886167453426045
2259,35MRU,908619.9999978954,-177280.00000391336,Forest,homogeneous,0.07357155747978517
2260,36MTD,911262.7512296877,-177778.61745336922,Forest,homogeneous,0.4220027874076695
2261,35MQU,777239.9999682134,-168320.00004559453,Forest,homogeneous,9.244766963868838e-05
2262,36MTD,909022.7512296877,-186738.61745336922,Forest,homogeneous,0.27762490143820956
2263,35MQT,732439.9999618995,-279540.0000075382,Forest,homogeneous,0.1973567366465876
2264,35MRU,897419.9999978954,-168320.00000391336,Forest,homogeneous,0.4048893851115899
2265,35MQT,759319.9999618995,-290740.0000075382,Forest,homogeneous,0.19849752589903372
2266,35MRU,904139.9999978954,-163840.00000391336,Forest,homogeneous,0.25951245568253734
2267,35MQT,748119.9999618995,-277300.0000075382,Forest,homogeneous,0.18487202230788619
2268,35MRT,857099.9999791873,-261620.0000302978,Forest,homogeneous,0.26680632172114943
2269,35MQT,757079.9999618995,-252660.0000075382,Forest,homogeneous,0.038636332848928694
2270,36MTD,897822.7512296877,-166578.61745336925,Forest,homogeneous,0.1737938345608584
2271,36MTC,910833.0706216183,-208595.10640709675,Forest,homogeneous,0.4356897911089948
2272,36MTD,902302.7512296877,-173298.61745336925,Forest,homogeneous,0.3877607892053087
2273,36MTD,879902.7512296877,-171058.61745336925,Forest,homogeneous,0.25835439607306343
2274,36MTD,911262.7512296877,-206898.61745336922,Forest,homogeneous,0.3027033107231123
2275,36MTD,904542.7512296877,-182258.61745336922,Forest,homogeneous,0.29174522560287014
2276,35MQU,779479.9999682134,-157120.00004559453,Forest,homogeneous,6.365245305154698e-05
2277,36MTD,906782.7512296877,-171058.61745336925,Forest,homogeneous,0.05567909743849862
2278,35MQT,761559.9999618995,-308660.0000075382,Forest,homogeneous,0.0023469574468418892
2279,35MRT,854859.9999791873,-252660.0000302978,Forest,homogeneous,0.014542559447254027
2280,35MQT,768279.9999618995,-308660.0000075382,Forest,homogeneous,0.013622567221611426
2281,35MQU,797399.9999682134,-152640.00004559453,Forest,homogeneous,0.04645494733012469
2282,35MQU,788439.9999682134,-152640.00004559453,Forest,homogeneous,0.06182380187472519
2283,35MQT,759319.9999618995,-288500.0000075382,Forest,homogeneous,0.06864524571968068
2284,35MQT,770519.9999618995,-286260.0000075382,Forest,homogeneous,0.2126238425804566
2285,35MQT,759319.9999618995,-286260.0000075382,Forest,homogeneous,0.28907934685024206
2286,35MQU,774999.9999682134,-170560.00004559453,Forest,homogeneous,2.5409273847283303e-05
2287,35MQT,763799.9999618995,-266100.0000075382,Forest,homogeneous,0.13655605014457256
2288,35MQU,783959.9999682134,-154880.00004559453,Forest,homogeneous,0.03622950137549298
2289,36MTD,879902.7512296877,-168818.61745336925,Forest,homogeneous,0.4739251383792323
2290,35MRU,910859.9999978954,-208640.00000391336,Forest,homogeneous,0.414636108020784
2291,35MQU,777239.9999682134,-170560.00004559453,Forest,homogeneous,0.07440462562764934
2292,35MQT,743639.9999618995,-275060.0000075382,Forest,homogeneous,0.00036760452494505157
2293,35MQU,795159.9999682134,-152640.00004559453,Forest,homogeneous,0.14593470748219325
2294,35MQT,761559.9999618995,-301940.0000075382,Forest,homogeneous,0.007545396332782374
2295,35MQT,763799.9999618995,-290740.0000075382,Forest,homogeneous,0.0010540139966742708
2296,35MQS,761559.9999815882,-301160.00004478084,Forest,homogeneous,0.025124299892718475
2297,35MQT,757079.9999618995,-277300.0000075382,Forest,homogeneous,0.0035276693623935078
2298,35MRU,904139.9999978954,-166080.00000391336,Forest,homogeneous,0.3475988343054516
2299,35MRU,899659.9999978954,-175040.00000391336,Forest,homogeneous,0.050257749653336264
2300,35MQT,768279.9999618995,-295220.0000075382,Forest,homogeneous,0.25014422934714875
2301,35MQT,759319.9999618995,-292980.0000075382,Forest,homogeneous,0.01921479893415192
2302,36MTD,906782.7512296877,-202418.61745336922,Forest,homogeneous,0.27484222818800513
2303,36MTD,904542.7512296877,-184498.61745336922,Forest,homogeneous,0.21752557273494733
2304,35MRT,910859.9999791873,-210100.00003029776,Forest,homogeneous,0.41272984847125205
2305,35MQT,745879.9999618995,-284020.0000075382,Forest,homogeneous,0.08178161747725066
2306,35MQS,768279.9999815882,-310120.00004478084,Forest,homogeneous,0.00012914250420536426
2307,35MQT,745879.9999618995,-272820.0000075382,Forest,homogeneous,0.2616241954362336
2308,35MQT,743639.9999618995,-279540.0000075382,Forest,homogeneous,0.07922348402051269
2309,35MQT,752599.9999618995,-277300.0000075382,Forest,homogeneous,0.19244870859404567
2310,36MTD,911262.7512296877,-209138.61745336922,Forest,homogeneous,0.036331860645854655
2311,35MRU,888459.9999978954,-170560.00000391336,Forest,homogeneous,0.05446725032246891
2312,35MRU,901899.9999978954,-177280.00000391336,Forest,homogeneous,0.028754018686173256
2313,35MQT,757079.9999618995,-292980.0000075382,Forest,homogeneous,0.09049273091823672
2314,35MRT,854859.9999791873,-250420.0000302978,Forest,homogeneous,0.026204986392831944
2315,36MTC,915313.0706216183,-206355.10640709675,Forest,homogeneous,0.18495920377161895
2316,35MQT,761559.9999618995,-299700.0000075382,Forest,homogeneous,0.01507827678820437
2317,35MQT,748119.9999618995,-268340.0000075382,Forest,homogeneous,0.10958778264690056
2318,35MRU,901899.9999978954,-172800.00000391336,Forest,homogeneous,0.3115045447332286
2319,35MRU,883979.9999978954,-163840.00000391336,Forest,homogeneous,0.4279394352964778
2320,35MQT,761559.9999618995,-290740.0000075382,Forest,homogeneous,0.11179026571796521
2321,35MRT,906379.9999791873,-198900.00003029776,Forest,homogeneous,0.23015450230569479
2322,35MQT,743639.9999618995,-284020.0000075382,Forest,homogeneous,0.04593310540711368
2323,36MTD,913502.7512296877,-164338.61745336925,Forest,homogeneous,0.2937255704021616
2324,36MTD,906782.7512296877,-182258.61745336922,Forest,homogeneous,0.09131024855729554
2325,36MTD,917982.7512296877,-193458.61745336922,Forest,homogeneous,0.4406477942371092
2326,35MRT,852619.9999791873,-250420.0000302978,Forest,homogeneous,0.036436106247809324
2327,35MQS,759319.9999815882,-305640.00004478084,Forest,homogeneous,0.006978020847187792
2328,35MQS,761559.9999815882,-312360.00004478084,Forest,homogeneous,0.004922036908505491
2329,35MQT,761559.9999618995,-292980.0000075382,Forest,homogeneous,0.04108022105274211
2330,35MQT,752599.9999618995,-257140.0000075382,Forest,homogeneous,0.49461921332241354
2331,35MQT,768279.9999618995,-281780.0000075382,Forest,homogeneous,0.09034854968049982
2332,35MQU,788439.9999682134,-154880.00004559453,Forest,homogeneous,0.00031271872440388955
2333,35MRU,812299.9999978954,-145920.00000391336,Forest,homogeneous,0.36028508439819895
2334,35MRU,906379.9999978954,-172800.00000391336,Forest,homogeneous,0.37910961562100487
2335,35MQT,766039.9999618995,-304180.0000075382,Forest,homogeneous,0.03316361368159383
2336,35MQT,763799.9999618995,-263860.0000075382,Forest,homogeneous,0.2504641856710259
2337,35MRU,906379.9999978954,-199680.00000391336,Forest,homogeneous,0.06058255190639207
2338,35MRU,899659.9999978954,-177280.00000391336,Forest,homogeneous,0.11939638511682732
2339,35MQT,768279.9999618995,-292980.0000075382,Forest,homogeneous,0.18418152313982905
2340,35MQT,748119.9999618995,-284020.0000075382,Forest,homogeneous,0.06032665400895263
2341,35MRT,906379.9999791873,-201140.00003029776,Forest,homogeneous,0.21027600045810774
2342,35MQT,757079.9999618995,-250420.0000075382,Forest,homogeneous,0.26500612553343467
2343,35MQT,736919.9999618995,-268340.0000075382,Forest,homogeneous,0.07598395210046575
2344,35MQU,786199.9999682134,-154880.00004559453,Forest,homogeneous,0.10128207988603581
2345,35MRU,895179.9999978954,-170560.00000391336,Forest,homogeneous,0.4536697717827324
2346,36MTD,886622.7512296877,-171058.61745336925,Forest,homogeneous,0.423020451102971
2347,35MQT,745879.9999618995,-277300.0000075382,Forest,homogeneous,0.0025470286809996068
2348,35MQS,768279.9999815882,-312360.00004478084,Forest,homogeneous,8.116801288943222e-05
2349,36MTD,915742.7512296877,-202418.61745336922,Forest,homogeneous,0.1938111662712957
2350,35MQT,743639.9999618995,-281780.0000075382,Forest,homogeneous,0.00012587310676491766
2351,35MRU,886219.9999978954,-170560.00000391336,Forest,homogeneous,0.2923468536295391
2352,35MQS,761559.9999815882,-303400.00004478084,Forest,homogeneous,7.261988695048099e-05
2353,35MQU,792919.9999682134,-152640.00004559453,Forest,homogeneous,0.09792674972883762
2354,35MQT,745879.9999618995,-279540.0000075382,Forest,homogeneous,0.08506224607353358
2355,35MRT,854859.9999791873,-248180.0000302978,Forest,homogeneous,0.23404333652703407
2356,35MRU,906379.9999978954,-181760.00000391336,Forest,homogeneous,0.07091174624012081
2357,35MQT,759319.9999618995,-306420.0000075382,Forest,homogeneous,0.011412039894051904
2358,35MRT,854859.9999791873,-254900.0000302978,Forest,homogeneous,0.3694751393533019
2359,35MQU,799639.9999682134,-152640.00004559453,Forest,homogeneous,0.006360821372830032
2360,36MTD,906782.7512296877,-180018.61745336922,Forest,homogeneous,0.11469197908252005
2361,35MRU,910859.9999978954,-184000.00000391336,Forest,homogeneous,0.19830401302860157
2362,35MQT,759319.9999618995,-259380.0000075382,Forest,homogeneous,5.2491018002069605e-05
2363,36MTC,906353.0706216183,-201875.10640709675,Forest,homogeneous,0.3782566154370249
2364,35MQT,759319.9999618995,-295220.0000075382,Forest,homogeneous,2.0789098593788207e-05
2365,35MQT,752599.9999618995,-272820.0000075382,Forest,homogeneous,0.005631895748022194
2366,35MRU,895179.9999978954,-172800.00000391336,Forest,homogeneous,0.2902675868428366
2367,35MQT,748119.9999618995,-272820.0000075382,Forest,homogeneous,0.0005765932108373807
2368,35MQU,795159.9999682134,-154880.00004559453,Forest,homogeneous,0.025369947242172054
2369,35MQT,739159.9999618995,-270580.0000075382,Forest,homogeneous,0.014200054744443864
2370,35MRU,910859.9999978954,-204160.00000391336,Forest,homogeneous,0.2140199312888993
2371,36MTD,886622.7512296877,-164338.61745336925,Forest,homogeneous,0.48123914493056874
2372,35MQT,761559.9999618995,-254900.0000075382,Forest,homogeneous,0.033905426518300225
2373,35MQT,748119.9999618995,-275060.0000075382,Forest,homogeneous,0.0016355046495270462
2374,36MTD,891102.7512296877,-168818.61745336925,Forest,homogeneous,0.29793044779072503
2375,35MQT,754839.9999618995,-277300.0000075382,Forest,homogeneous,0.14844900940145062
2376,35MQT,766039.9999618995,-275060.0000075382,Forest,homogeneous,0.18232637980528416
2377,35MRU,910859.9999978954,-179520.00000391336,Forest,homogeneous,0.38149402178076475
2378,35MQT,752599.9999618995,-275060.0000075382,Forest,homogeneous,0.14682187690258908
2379,35MRU,879499.9999978954,-170560.00000391336,Forest,homogeneous,0.30121197086131407
2380,36MTD,911262.7512296877,-180018.61745336922,Forest,homogeneous,0.21612193806503815
2381,35MQS,761559.9999815882,-310120.00004478084,Forest,homogeneous,0.002498401123111083
2382,35MQU,770519.9999682134,-166080.00004559453,Forest,homogeneous,0.005341299654673938
2383,35MQT,757079.9999618995,-288500.0000075382,Forest,homogeneous,0.08514066193083425
2384,35MRT,854859.9999791873,-261620.0000302978,Forest,homogeneous,0.3998222947070703
2385,36MTD,906782.7512296877,-175538.61745336922,Forest,homogeneous,0.2774563566849483
2386,36MTC,906353.0706216183,-199635.10640709675,Forest,homogeneous,0.11744247820924439
2387,36MTD,909022.7512296877,-184498.61745336922,Forest,homogeneous,0.05225293644227647
2388,35MQT,754839.9999618995,-272820.0000075382,Forest,homogeneous,0.019389388155654264
2389,35MRU,904139.9999978954,-184000.00000391336,Forest,homogeneous,0.252758536493887
2390,35MQT,761559.9999618995,-284020.0000075382,Forest,homogeneous,7.255471511714634e-05
2391,35MQT,745879.9999618995,-275060.0000075382,Forest,homogeneous,7.476923769042458e-05
2392,35MQS,763799.9999815882,-312360.00004478084,Forest,homogeneous,0.003722589353854765
2393,35MRU,906379.9999978954,-179520.00000391336,Forest,homogeneous,0.2880642956217302
2394,35MQU,774999.9999682134,-166080.00004559453,Forest,homogeneous,0.00018419332133087803
2395,35MQT,766039.9999618995,-301940.0000075382,Forest,homogeneous,0.11198815106155299
2396,35MQT,763799.9999618995,-270580.0000075382,Forest,homogeneous,0.01918355263328595
2397,36MTD,906782.7512296877,-197938.61745336922,Forest,homogeneous,0.31790073180066936
2398,36MTD,906782.7512296877,-173298.61745336925,Forest,homogeneous,0.1413726939257322
2399,35MQT,763799.9999618995,-201140.0000075382,Forest,homogeneous,0.13357611104660655
2400,35MQS,766039.9999815882,-312360.00004478084,Forest,homogeneous,0.021290175632349615
2401,35MQS,768279.9999815882,-307880.00004478084,Forest,homogeneous,0.16483948123486625
2402,35MQT,757079.9999618995,-268340.0000075382,Forest,homogeneous,0.0009699055986659752
2403,36MTD,902302.7512296877,-182258.61745336922,Forest,homogeneous,0.2856373881425226
2404,35MRT,852619.9999791873,-252660.0000302978,Forest,homogeneous,0.30341220032185456
2405,35MQT,734679.9999618995,-277300.0000075382,Forest,homogeneous,0.03500740323445973
2406,35MRU,906379.9999978954,-201920.00000391336,Forest,homogeneous,0.3517106047783145
2407,35MQT,759319.9999618995,-252660.0000075382,Forest,homogeneous,0.2906910341908913
2408,36MTD,911262.7512296877,-162098.61745336925,Forest,homogeneous,0.3083277776239908
2409,35MRT,854859.9999791873,-257140.0000302978,Forest,homogeneous,0.10332277164591627
2410,36MTD,884382.7512296877,-164338.61745336925,Forest,homogeneous,0.027414535205895103
2411,36MTD,909022.7512296877,-202418.61745336922,Forest,homogeneous,0.15615951938659595
2412,35MQT,759319.9999618995,-304180.0000075382,Forest,homogeneous,0.01942850384218454
2413,35MQT,757079.9999618995,-286260.0000075382,Forest,homogeneous,0.2916664498156084
2414,35MQU,772759.9999682134,-166080.00004559453,Forest,homogeneous,0.000544490693476876
2415,35MQT,754839.9999618995,-257140.0000075382,Forest,homogeneous,0.054530446027230325
2416,36MTD,888862.7512296877,-171058.61745336925,Forest,homogeneous,0.22993798197958387
2417,35MRU,908619.9999978954,-186240.00000391336,Forest,homogeneous,0.3032229263065357
2418,36MTD,891102.7512296877,-171058.61745336925,Forest,homogeneous,0.13395782297311407
2419,36MTC,915313.0706216183,-208595.10640709675,Forest,homogeneous,0.46636045417608696
2420,36MTD,917982.7512296877,-197938.61745336922,Forest,homogeneous,0.2492756280246824
2421,36MTD,904542.7512296877,-166578.61745336925,Forest,homogeneous,0.485850427257915
2422,35MRU,906379.9999978954,-184000.00000391336,Forest,homogeneous,0.04193575671918384
2423,35MQT,757079.9999618995,-272820.0000075382,Forest,homogeneous,0.00197103019296353
2424,35MQT,754839.9999618995,-275060.0000075382,Forest,homogeneous,0.39596550855440704
2425,35MQT,763799.9999618995,-254900.0000075382,Forest,homogeneous,0.07406936913287722
2426,35MQT,736919.9999618995,-277300.0000075382,Forest,homogeneous,0.03989405067335031
2427,35MQT,757079.9999618995,-275060.0000075382,Forest,homogeneous,0.32042370457620617
2428,36MTD,897822.7512296877,-171058.61745336925,Forest,homogeneous,0.08982650006958687
2429,35MRU,901899.9999978954,-181760.00000391336,Forest,homogeneous,0.4964750957551599
2430,36MTD,915742.7512296877,-206898.61745336922,Forest,homogeneous,0.4773743866454212
2431,36MTC,910833.0706216183,-204115.10640709675,Forest,homogeneous,0.20032279055338684
2432,36MTC,915313.0706216183,-199635.10640709675,Forest,homogeneous,0.14363380354759722
2433,35MQU,799639.9999682134,-150400.00004559453,Forest,homogeneous,0.2885438861190846
2434,35MQT,748119.9999618995,-281780.0000075382,Forest,homogeneous,0.014891697530026955
2435,35MRU,897419.9999978954,-163840.00000391336,Forest,homogeneous,0.14351950938646021
2436,36MTD,911262.7512296877,-204658.61745336922,Forest,homogeneous,0.18513946160567693
2437,35MQS,759319.9999815882,-303400.00004478084,Forest,homogeneous,0.023126839785243845
2438,35MQT,757079.9999618995,-290740.0000075382,Forest,homogeneous,0.03901978597926504
2439,35MRU,890699.9999978954,-172800.00000391336,Forest,homogeneous,0.4783689610565848
2440,35MRT,852619.9999791873,-257140.0000302978,Forest,homogeneous,0.12576360744400558
2441,35MRU,892939.9999978954,-175040.00000391336,Forest,homogeneous,0.40771617860562165
2442,35MQU,763799.9999682134,-201920.00004559453,Forest,homogeneous,0.4363415532959462
2443,35MQT,768279.9999618995,-290740.0000075382,Forest,homogeneous,0.007511646225134351
2444,35MQU,781719.9999682134,-154880.00004559453,Forest,homogeneous,0.000903587109866104
2445,35MQT,763799.9999618995,-257140.0000075382,Forest,homogeneous,6.378436022783076e-05
2446,36MTD,897822.7512296877,-173298.61745336925,Forest,homogeneous,0.2523289377452368
2447,35MQT,761559.9999618995,-304180.0000075382,Forest,homogeneous,6.26601010172221e-05
2448,36MTD,906782.7512296877,-186738.61745336922,Forest,homogeneous,0.04407821800395005
2449,36MTD,904542.7512296877,-171058.61745336925,Forest,homogeneous,0.0163013970525904
2450,35MQU,790679.9999682134,-152640.00004559453,Forest,homogeneous,0.070401116356506
2451,36MTD,922462.7512296877,-191218.61745336922,Forest,homogeneous,0.4173782206109136
2452,35MQT,736919.9999618995,-281780.0000075382,Forest,homogeneous,5.7579942800008194e-05
2453,36MTC,913073.0706216183,-215315.10640709675,Forest,homogeneous,0.26641384167451454
2454,35MQT,759319.9999618995,-254900.0000075382,Forest,homogeneous,0.009355429589334724
2455,35MQU,772759.9999682134,-168320.00004559453,Forest,homogeneous,0.0011837099290492041
2456,35MQT,730199.9999618995,-275060.0000075382,Forest,homogeneous,0.2921632406624831
2457,35MQT,766039.9999618995,-279540.0000075382,Forest,homogeneous,0.06679187628546879
2458,35MRU,910859.9999978954,-188480.00000391336,Forest,homogeneous,0.053122925375864556
2459,35MQT,779479.9999618995,-223540.0000075382,Forest,homogeneous,0.38241167113293845
2460,35MQT,779479.9999618995,-288500.0000075382,Forest,moderate,1.0070539586079883
2461,36MTC,919793.0706216183,-228755.10640709678,Forest,moderate,0.6486971470423739
2462,35MQT,783959.9999618995,-272820.0000075382,Forest,moderate,0.7810799630063766
2463,36MTD,891102.7512296877,-188978.61745336922,Forest,moderate,1.1019687475051985
2464,36MTD,920222.7512296877,-193458.61745336922,Forest,moderate,0.5824141394088005
2465,35MQT,761559.9999618995,-252660.0000075382,Forest,moderate,0.6698699903402361
2466,35MQT,777239.9999618995,-286260.0000075382,Forest,moderate,0.9960521095322455
2467,35MQT,777239.9999618995,-219060.0000075382,Forest,moderate,0.8088719594465998
2468,35MQT,721239.9999618995,-281780.0000075382,Forest,moderate,0.5838606566268252
2469,35MQT,759319.9999618995,-201140.0000075382,Forest,moderate,0.928510660328676
2470,35MQT,759319.9999618995,-207860.0000075382,Forest,moderate,1.0734468912334165
2471,35MQT,770519.9999618995,-259380.0000075382,Forest,moderate,1.1586292646068328
2472,36MTD,888862.7512296877,-164338.61745336925,Forest,moderate,0.7113519976606306
2473,35MQT,770519.9999618995,-308660.0000075382,Forest,moderate,0.7285751262489987
2474,36MTC,915313.0706216183,-224275.10640709678,Forest,moderate,1.1348164616990408
2475,36MTD,915742.7512296877,-171058.61745336925,Forest,moderate,0.8636860125199033
2476,35MQS,774999.9999815882,-298920.00004478084,Forest,moderate,0.8903861744329229
2477,35MRT,852619.9999791873,-259380.0000302978,Forest,moderate,0.5320545114727806
2478,35MQT,797399.9999618995,-290740.0000075382,Forest,moderate,0.5977169321910907
2479,35MQU,781719.9999682134,-157120.00004559453,Forest,moderate,0.7171732331390921
2480,35MQT,792919.9999618995,-284020.0000075382,Forest,moderate,0.6358755515072615
2481,35MRT,830219.9999791873,-205620.00003029776,Forest,moderate,1.1814770797093297
2482,36MTD,922462.7512296877,-184498.61745336922,Forest,moderate,0.6852626271284747
2483,35MQU,779479.9999682134,-166080.00004559453,Forest,moderate,0.5754773421342235
2484,35MQT,748119.9999618995,-266100.0000075382,Forest,moderate,1.0192412180073882
2485,36MTC,926513.0706216183,-235475.10640709678,Forest,moderate,0.8350961875223446
2486,35MQT,750359.9999618995,-266100.0000075382,Forest,moderate,0.677837976265073
2487,35MRU,897419.9999978954,-184000.00000391336,Forest,moderate,0.9664432037023283
2488,35MRU,850379.9999978954,-170560.00000391336,Forest,moderate,0.9022805371397968
2489,35MQT,763799.9999618995,-234740.0000075382,Forest,moderate,0.7570857772370514
2490,36MTD,915742.7512296877,-200178.61745336922,Forest,moderate,0.6461645714568348
2491,35MQT,774999.9999618995,-292980.0000075382,Forest,moderate,0.786153741338738
2492,35MQU,761559.9999682134,-204160.00004559453,Forest,moderate,0.8869533233704433
2493,35MQT,795159.9999618995,-263860.0000075382,Forest,moderate,0.7036304527795266
2494,36MTC,919793.0706216183,-219795.10640709678,Forest,moderate,1.0859579129409176
2495,35MQT,788439.9999618995,-284020.0000075382,Forest,moderate,0.7520364674466787
2496,35MQU,768279.9999682134,-184000.00004559453,Forest,moderate,0.9246462701506772
2497,35MQT,732439.9999618995,-272820.0000075382,Forest,moderate,0.5349841900833718
2498,35MQT,781719.9999618995,-221300.0000075382,Forest,moderate,0.5689687128353378
2499,35MRU,830219.9999978954,-206400.00000391336,Forest,moderate,1.1660424410137704
2500,35MQT,761559.9999618995,-232500.0000075382,Forest,moderate,0.8213087975302842
2501,35MQT,761559.9999618995,-205620.0000075382,Forest,moderate,1.0112996932963458
2502,36MTD,917982.7512296877,-186738.61745336922,Forest,moderate,0.6952011285788096
2503,35MQT,727959.9999618995,-277300.0000075382,Forest,moderate,1.0747765886523526
2504,35MQT,774999.9999618995,-299700.0000075382,Forest,moderate,0.8840884571871527
2505,36MTD,895582.7512296877,-191218.61745336922,Forest,moderate,1.1178211035659409
2506,35MQT,779479.9999618995,-281780.0000075382,Forest,moderate,1.027783202846287
2507,35MRU,895179.9999978954,-181760.00000391336,Forest,moderate,0.9898711852461286
2508,36MTD,886622.7512296877,-173298.61745336925,Forest,moderate,0.5671279946923994
2509,35MQS,779479.9999815882,-305640.00004478084,Forest,moderate,0.9621339840262751
2510,35MQT,761559.9999618995,-201140.0000075382,Forest,moderate,0.8583978599608448
2511,35MRU,910859.9999978954,-168320.00000391336,Forest,moderate,0.5955936416911798
2512,35MQS,768279.9999815882,-305640.00004478084,Forest,moderate,0.9502258107325512
2513,35MQS,786199.9999815882,-307880.00004478084,Forest,moderate,1.081035768079307
2514,36MTD,904542.7512296877,-177778.61745336922,Forest,moderate,0.7373710169897598
2515,35MRU,879499.9999978954,-175040.00000391336,Forest,moderate,0.7342725854763786
2516,35MRU,881739.9999978954,-175040.00000391336,Forest,moderate,0.511966911821834
2517,35MRU,870539.9999978954,-184000.00000391336,Forest,moderate,0.8982913549021788
2518,35MQT,761559.9999618995,-203380.0000075382,Forest,moderate,0.8819072961756421
2519,35MQT,766039.9999618995,-272820.0000075382,Forest,moderate,0.589713624460054
2520,36MTC,926513.0706216183,-228755.10640709678,Forest,moderate,0.8056022478682567
2521,35MQT,772759.9999618995,-263860.0000075382,Forest,moderate,0.8814524477874526
2522,35MQT,714519.9999618995,-277300.0000075382,Forest,moderate,1.0424497266276826
2523,36MTD,895582.7512296877,-173298.61745336925,Forest,moderate,0.686192046273131
2524,35MQT,783959.9999618995,-281780.0000075382,Forest,moderate,0.8371160265897211
2525,36MTD,886622.7512296877,-175538.61745336922,Forest,moderate,1.0159211122714076
2526,35MRU,843659.9999978954,-154880.00000391336,Forest,moderate,1.1993992506052256
2527,35MQT,734679.9999618995,-266100.0000075382,Forest,moderate,0.9016588018449372
2528,35MQT,783959.9999618995,-277300.0000075382,Forest,moderate,0.8939479522127338
2529,36MTD,891102.7512296877,-173298.61745336925,Forest,moderate,0.8553969713985159
2530,35MQT,777239.9999618995,-304180.0000075382,Forest,moderate,1.0854596521576205
2531,36MTC,919793.0706216183,-213075.10640709675,Forest,moderate,1.0054074772741877
2532,35MRU,895179.9999978954,-166080.00000391336,Forest,moderate,1.1667298664432642
2533,35MRU,850379.9999978954,-163840.00000391336,Forest,moderate,1.0583792243649321
2534,35MQS,792919.9999815882,-303400.00004478084,Forest,moderate,0.9085177301374401
2535,35MQT,736919.9999618995,-261620.0000075382,Forest,moderate,1.076496224709086
2536,35MRU,886219.9999978954,-163840.00000391336,Forest,moderate,0.8376231672187802
2537,35MQT,770519.9999618995,-279540.0000075382,Forest,moderate,1.1058127774042956
2538,36MTD,913502.7512296877,-171058.61745336925,Forest,moderate,0.6597410386003149
2539,36MTD,915742.7512296877,-209138.61745336922,Forest,moderate,0.6858096618768446
2540,35MQT,752599.9999618995,-263860.0000075382,Forest,moderate,0.5470165858345113
2541,36MTD,915742.7512296877,-188978.61745336922,Forest,moderate,0.7618748044484249
2542,35MQT,714519.9999618995,-279540.0000075382,Forest,moderate,1.1221709946575114
2543,35MQS,779479.9999815882,-301160.00004478084,Forest,moderate,0.8533395469993258
2544,35MQT,759319.9999618995,-243700.0000075382,Forest,moderate,0.7973245322149138
2545,35MQT,777239.9999618995,-288500.0000075382,Forest,moderate,1.070785391966288
2546,35MQT,723479.9999618995,-275060.0000075382,Forest,moderate,1.0413835750425613
2547,35MQT,766039.9999618995,-198900.0000075382,Forest,moderate,0.6395432781143138
2548,35MRU,892939.9999978954,-172800.00000391336,Forest,moderate,1.0705733242365674
2549,36MTD,913502.7512296877,-162098.61745336925,Forest,moderate,0.6072804221041939
2550,36MTC,919793.0706216183,-235475.10640709678,Forest,moderate,0.9046460517356487
2551,35MQT,779479.9999618995,-266100.0000075382,Forest,moderate,0.7802892262035306
2552,35MRT,850379.9999791873,-250420.0000302978,Forest,moderate,1.0660782737022965
2553,35MQU,759319.9999682134,-208640.00004559453,Forest,moderate,1.034308121911613
2554,35MQU,763799.9999682134,-204160.00004559453,Forest,moderate,0.7467931956408933
2555,35MQS,772759.9999815882,-301160.00004478084,Forest,moderate,0.9553875114889783
2556,35MQT,736919.9999618995,-266100.0000075382,Forest,moderate,0.9560049773020103
2557,35MRU,883979.9999978954,-175040.00000391336,Forest,moderate,0.842969860657212
2558,36MTD,911262.7512296877,-166578.61745336925,Forest,moderate,0.6423242262992197
2559,36MTD,877662.7512296877,-173298.61745336925,Forest,moderate,0.9122343141887872
2560,35MRU,843659.9999978954,-199680.00000391336,Forest,moderate,1.1453182636464938
2561,35MQS,779479.9999815882,-303400.00004478084,Forest,moderate,0.8573764627131699
2562,36MTD,904542.7512296877,-180018.61745336922,Forest,moderate,0.6030545593046066
2563,35MRT,852619.9999791873,-254900.0000302978,Forest,moderate,0.7416104779004429
2564,35MRU,897419.9999978954,-166080.00000391336,Forest,moderate,0.5006893961334061
2565,35MQS,770519.9999815882,-307880.00004478084,Forest,moderate,0.87273418722726
2566,35MQS,779479.9999815882,-298920.00004478084,Forest,moderate,1.0400495865040773
2567,36MTD,906782.7512296877,-191218.61745336922,Forest,moderate,1.0695489130487177
2568,35MQT,752599.9999618995,-250420.0000075382,Forest,moderate,0.6492007603047181
2569,35MQT,808599.9999618995,-275060.0000075382,Forest,moderate,1.0887025400145067
2570,35MQT,779479.9999618995,-259380.0000075382,Forest,moderate,0.8963930900327076
2571,35MQT,757079.9999618995,-243700.0000075382,Forest,moderate,0.7529312325398226
2572,35MQT,772759.9999618995,-223540.0000075382,Forest,moderate,0.9197351536564585
2573,35MRU,906379.9999978954,-188480.00000391336,Forest,moderate,1.043583448483386
2574,35MRU,906379.9999978954,-177280.00000391336,Forest,moderate,1.0793574241452308
2575,35MQT,777239.9999618995,-299700.0000075382,Forest,moderate,0.829749280809552
2576,36MTC,910833.0706216183,-213075.10640709675,Forest,moderate,0.8879639992257597
2577,36MTC,922033.0706216183,-226515.10640709678,Forest,moderate,0.9557091279942342
2578,36MTD,897822.7512296877,-182258.61745336922,Forest,moderate,1.0583951452232137
2579,35MQT,716759.9999618995,-277300.0000075382,Forest,moderate,1.122941610319313
2580,35MQS,774999.9999815882,-303400.00004478084,Forest,moderate,1.0820414522889268
2581,35MQT,799639.9999618995,-292980.0000075382,Forest,moderate,1.1172465203803619
2582,36MTD,904542.7512296877,-162098.61745336925,Forest,moderate,1.1012044740599254
2583,35MQT,772759.9999618995,-234740.0000075382,Forest,moderate,0.7935998418082508
2584,35MQT,772759.9999618995,-284020.0000075382,Forest,moderate,0.9432680598579183
2585,36MTD,913502.7512296877,-175538.61745336922,Forest,moderate,0.5356962762896905
2586,35MQT,721239.9999618995,-284020.0000075382,Forest,moderate,0.8061227044572624
2587,35MQT,779479.9999618995,-299700.0000075382,Forest,moderate,0.9824021612379621
2588,36MTD,906782.7512296877,-195698.61745336922,Forest,moderate,1.171086259442954
2589,35MQT,774999.9999618995,-288500.0000075382,Forest,moderate,1.0687616995171962
2590,35MQT,774999.9999618995,-297460.0000075382,Forest,moderate,0.898990772245927
2591,35MRU,897419.9999978954,-181760.00000391336,Forest,moderate,1.0970282756072622
2592,35MRU,848139.9999978954,-168320.00000391336,Forest,moderate,0.9139890720962627
2593,35MQT,779479.9999618995,-297460.0000075382,Forest,moderate,0.9755390582976067
2594,35MQT,779479.9999618995,-219060.0000075382,Forest,moderate,0.5756100069184138
2595,36MTD,893342.7512296877,-173298.61745336925,Forest,moderate,0.9340405392269576
2596,35MRU,906379.9999978954,-197440.00000391336,Forest,moderate,0.9754073144194604
2597,35MQU,763799.9999682134,-199680.00004559453,Forest,moderate,0.7870907645639721
2598,35MQT,779479.9999618995,-270580.0000075382,Forest,moderate,0.9739690761502725
2599,35MRU,892939.9999978954,-170560.00000391336,Forest,moderate,0.8875578500093355
2600,35MQT,772759.9999618995,-225780.0000075382,Forest,moderate,1.0330076197372855
2601,35MQT,788439.9999618995,-308660.0000075382,Forest,moderate,1.1578468775988022
2602,35MQT,795159.9999618995,-284020.0000075382,Forest,moderate,0.8071468259936693
2603,35MQT,781719.9999618995,-297460.0000075382,Forest,moderate,1.0562465576990234
2604,35MQT,788439.9999618995,-290740.0000075382,Forest,moderate,1.1909213585011893
2605,35MQT,766039.9999618995,-268340.0000075382,Forest,moderate,0.8639379910579241
2606,35MQT,786199.9999618995,-306420.0000075382,Forest,moderate,1.1541427660804264
2607,35MQT,781719.9999618995,-259380.0000075382,Forest,moderate,0.9201779952795969
2608,35MQT,761559.9999618995,-241460.0000075382,Forest,moderate,0.6903720941154801
2609,35MQU,761559.9999682134,-201920.00004559453,Forest,moderate,0.8495858803594947
2610,35MQT,774999.9999618995,-286260.0000075382,Forest,moderate,0.9621508979333087
2611,35MQU,772759.9999682134,-172800.00004559453,Forest,moderate,0.6732802011354975
2612,35MRT,852619.9999791873,-248180.0000302978,Forest,moderate,1.1520144495788904
2613,35MRT,816779.9999791873,-201140.00003029776,Forest,moderate,1.0943095831249723
2614,36MTC,917553.0706216183,-199635.10640709675,Forest,moderate,0.8873986830794233
2615,36MTD,895582.7512296877,-182258.61745336922,Forest,moderate,0.7631013449471421
2616,36MTC,924273.0706216183,-230995.10640709678,Forest,moderate,0.9858846814197293
2617,36MTD,895582.7512296877,-175538.61745336922,Forest,moderate,0.5559280468165598
2618,36MTC,913073.0706216183,-213075.10640709675,Forest,moderate,0.67551773250505
2619,36MTD,895582.7512296877,-171058.61745336925,Forest,moderate,0.7013267825963609
2620,35MQT,730199.9999618995,-279540.0000075382,Forest,moderate,0.930445630529914
2621,35MQT,779479.9999618995,-301940.0000075382,Forest,moderate,0.8737903992058954
2622,36MTC,924273.0706216183,-215315.10640709675,Forest,moderate,1.0364379931020675
2623,35MQT,783959.9999618995,-257140.0000075382,Forest,moderate,0.6360949334208792
2624,35MQU,774999.9999682134,-172800.00004559453,Forest,moderate,0.6370606944920093
2625,35MRU,897419.9999978954,-170560.00000391336,Forest,moderate,0.5222212273719562
2626,35MQT,752599.9999618995,-259380.0000075382,Forest,moderate,0.841565561374904
2627,35MQT,772759.9999618995,-207860.0000075382,Forest,moderate,0.972183724012102
2628,36MTC,917553.0706216183,-204115.10640709675,Forest,moderate,0.9869745145531028
2629,35MQT,797399.9999618995,-284020.0000075382,Forest,moderate,0.8335315121893183
2630,35MQS,772759.9999815882,-298920.00004478084,Forest,moderate,0.9090558878599871
2631,35MRU,901899.9999978954,-179520.00000391336,Forest,moderate,0.8000283762066653
2632,35MRU,892939.9999978954,-168320.00000391336,Forest,moderate,1.0022507245951717
2633,35MQT,781719.9999618995,-295220.0000075382,Forest,moderate,0.9285161885889912
2634,35MQT,779479.9999618995,-277300.0000075382,Forest,moderate,1.00357833694382
2635,35MQS,777239.9999815882,-312360.00004478084,Forest,moderate,0.6015446404893984
2636,35MQU,770519.9999682134,-190720.00004559453,Forest,moderate,0.7827390944679304
2637,35MQT,772759.9999618995,-266100.0000075382,Forest,moderate,0.9282722490491779
2638,35MQT,763799.9999618995,-203380.0000075382,Forest,moderate,0.7806483080963903
2639,36MTD,904542.7512296877,-164338.61745336925,Forest,moderate,0.6724882793705798
2640,36MTD,882142.7512296877,-164338.61745336925,Forest,moderate,0.6604177453150296
2641,35MQT,781719.9999618995,-225780.0000075382,Forest,moderate,1.115718108963009
2642,36MTD,906782.7512296877,-188978.61745336922,Forest,moderate,0.8932732001473485
2643,35MRT,814539.9999791873,-207860.00003029776,Forest,moderate,1.0790428680902546
2644,35MRT,839179.9999791873,-201140.00003029776,Forest,moderate,0.9970671997980144
2645,36MTD,906782.7512296877,-166578.61745336925,Forest,moderate,0.7152967344762974
2646,36MTD,917982.7512296877,-200178.61745336922,Forest,moderate,0.998450074707115
2647,35MQT,768279.9999618995,-198900.0000075382,Forest,moderate,0.5052913994476059
2648,35MQU,774999.9999682134,-195200.00004559453,Forest,moderate,1.0912877148928712
2649,35MQT,781719.9999618995,-275060.0000075382,Forest,moderate,1.011555583109515
2650,35MQT,797399.9999618995,-292980.0000075382,Forest,moderate,0.7063953893383512
2651,35MQT,779479.9999618995,-284020.0000075382,Forest,moderate,1.0677036647245324
2652,35MQS,770519.9999815882,-310120.00004478084,Forest,moderate,0.6371990372714366
2653,35MQT,770519.9999618995,-288500.0000075382,Forest,moderate,0.5076391821621008
2654,35MQT,759319.9999618995,-210100.0000075382,Forest,moderate,0.905592234702626
2655,35MQU,779479.9999682134,-168320.00004559453,Forest,moderate,0.574766133401558
2656,35MQT,774999.9999618995,-225780.0000075382,Forest,moderate,0.9635388957680512
2657,35MQT,772759.9999618995,-304180.0000075382,Forest,moderate,1.123975168064706
2658,35MQT,779479.9999618995,-292980.0000075382,Forest,moderate,0.8224160899861029
2659,36MTC,908593.0706216183,-204115.10640709675,Forest,moderate,1.0021604490914522
2660,36MTD,882142.7512296877,-175538.61745336922,Forest,moderate,0.8821786724068676
2661,35MQT,772759.9999618995,-301940.0000075382,Forest,moderate,0.970142979273363
2662,36MTC,926513.0706216183,-237715.10640709678,Forest,moderate,1.1290638999420994
2663,35MQT,759319.9999618995,-239220.0000075382,Forest,moderate,0.6537247830093935
2664,35MQS,792919.9999815882,-301160.00004478084,Forest,moderate,0.8277071097632771
2665,35MQT,730199.9999618995,-277300.0000075382,Forest,moderate,0.5145516415778284
2666,35MQT,779479.9999618995,-290740.0000075382,Forest,moderate,1.1612101021930545
2667,35MQT,774999.9999618995,-239220.0000075382,Forest,moderate,0.730235588175812
2668,35MQU,779479.9999682134,-163840.00004559453,Forest,moderate,0.6956396981071091
2669,35MQT,801879.9999618995,-232500.0000075382,Forest,moderate,0.992531339797491
2670,35MQT,788439.9999618995,-288500.0000075382,Forest,moderate,1.1749022844977361
2671,35MQT,759319.9999618995,-241460.0000075382,Forest,moderate,0.779460759737831
2672,36MTD,911262.7512296877,-186738.61745336922,Forest,moderate,0.9426374430740061
2673,36MTD,911262.7512296877,-184498.61745336922,Forest,moderate,0.7574249709474868
2674,35MRT,843659.9999791873,-198900.00003029776,Forest,moderate,1.099324566593703
2675,35MRT,857099.9999791873,-259380.0000302978,Forest,moderate,1.0668830537966576
2676,36MTC,919793.0706216183,-226515.10640709678,Forest,moderate,1.034080182764088
2677,35MRT,906379.9999791873,-203380.00003029776,Forest,moderate,1.119442500935914
2678,35MQT,777239.9999618995,-301940.0000075382,Forest,moderate,0.9089165498559673
2679,35MQT,779479.9999618995,-286260.0000075382,Forest,moderate,1.0289119860129134
2680,36MTC,910833.0706216183,-206355.10640709675,Forest,moderate,0.6770131696632138
2681,35MQT,768279.9999618995,-279540.0000075382,Forest,moderate,0.7915039874876006
2682,36MTC,926513.0706216183,-233235.10640709678,Forest,moderate,0.8987532199026543
2683,35MQU,768279.9999682134,-170560.00004559453,Forest,moderate,0.574917709318289
2684,35MRT,801099.9999791873,-232500.0000302978,Forest,moderate,0.864693492442221
2685,36MTC,926513.0706216183,-230995.10640709678,Forest,moderate,0.7390383396537703
2686,36MTC,930993.0706216183,-228755.10640709678,Forest,moderate,0.8011350941930964
2687,35MRU,857099.9999978954,-181760.00000391336,Forest,moderate,0.9441907117791876
2688,35MRU,910859.9999978954,-161600.00000391336,Forest,moderate,0.6490874834429061
2689,35MQT,788439.9999618995,-286260.0000075382,Forest,moderate,1.1152021616271177
2690,35MRU,854859.9999978954,-184000.00000391336,Forest,moderate,1.1848686132614867
2691,36MTD,893342.7512296877,-175538.61745336922,Forest,moderate,0.5384818317374462
2692,35MRU,890699.9999978954,-188480.00000391336,Forest,moderate,1.16222924112041
2693,35MRU,897419.9999978954,-175040.00000391336,Forest,moderate,0.8764371124456998
2694,35MQT,777239.9999618995,-292980.0000075382,Forest,moderate,0.78254272680073
2695,35MQT,730199.9999618995,-270580.0000075382,Forest,moderate,0.8104294442365556
2696,35MQS,777239.9999815882,-305640.00004478084,Forest,moderate,0.9385490255806587
2697,35MRU,890699.9999978954,-190720.00000391336,Forest,moderate,1.1848811304378306
2698,35MQT,788439.9999618995,-281780.0000075382,Forest,moderate,0.9388588713306235
2699,35MRT,910859.9999791873,-214580.00003029776,Forest,moderate,0.7997085368564737
2700,35MQT,774999.9999618995,-301940.0000075382,Forest,moderate,0.9948288865736874
2701,35MQT,786199.9999618995,-281780.0000075382,Forest,moderate,0.6903342720003842
2702,35MRU,801099.9999978954,-199680.00000391336,Forest,moderate,1.062490443243902
2703,35MRU,904139.9999978954,-179520.00000391336,Forest,moderate,0.6502802617631569
2704,35MRU,888459.9999978954,-163840.00000391336,Forest,moderate,1.1519329640512495
2705,36MTD,906782.7512296877,-177778.61745336922,Forest,moderate,0.9915257030415552
2706,35MQT,774999.9999618995,-290740.0000075382,Forest,moderate,1.1153641859169963
2707,36MTD,902302.7512296877,-180018.61745336922,Forest,moderate,0.8282787507375962
2708,36MTD,909022.7512296877,-166578.61745336925,Forest,moderate,0.6886851468695324
2709,36MTD,913502.7512296877,-180018.61745336922,Forest,moderate,0.6554379290947889
2710,35MRU,901899.9999978954,-184000.00000391336,Forest,moderate,0.5247796711573297
2711,35MQU,804119.9999682134,-172800.00004559453,Forest,moderate,1.0396163659415194
2712,36MTD,895582.7512296877,-168818.61745336925,Forest,moderate,0.9979426445978897
2713,35MRU,801099.9999978954,-150400.00000391336,Forest,moderate,1.0463174419200054
2714,35MQT,781719.9999618995,-272820.0000075382,Forest,moderate,0.9755605125761349
2715,36MTC,922033.0706216183,-228755.10640709678,Forest,moderate,1.064119982059423
2716,35MQT,777239.9999618995,-223540.0000075382,Forest,moderate,0.8484131300072852
2717,35MQT,797399.9999618995,-288500.0000075382,Forest,moderate,0.9534167675927298
2718,35MQU,801879.9999682134,-199680.00004559453,Forest,moderate,1.0588297183250255
2719,35MQT,774999.9999618995,-295220.0000075382,Forest,moderate,1.0288458838796948
2720,35MQT,774999.9999618995,-279540.0000075382,Forest,moderate,1.051388176779605
2721,35MQU,774999.9999682134,-190720.00004559453,Forest,moderate,0.6827421976438417
2722,36MTC,919793.0706216183,-199635.10640709675,Forest,moderate,0.8286824794080039
2723,35MRU,886219.9999978954,-172800.00000391336,Forest,moderate,0.5172336326102394
2724,35MQT,777239.9999618995,-297460.0000075382,Forest,moderate,1.0324857021452765
2725,36MTC,924273.0706216183,-244435.10640709678,Forest,moderate,0.9174095802258239
2726,35MQT,772759.9999618995,-236980.0000075382,Forest,moderate,0.6854564797298188
2727,35MRU,908619.9999978954,-204160.00000391336,Forest,moderate,1.0274596343380034
2728,35MQT,777239.9999618995,-284020.0000075382,Forest,moderate,0.9650647810580247
2729,36MTD,911262.7512296877,-168818.61745336925,Forest,moderate,0.5652881710252803
2730,35MQT,736919.9999618995,-272820.0000075382,Forest,moderate,0.6696569467699798
2731,36MTD,902302.7512296877,-184498.61745336922,Forest,moderate,0.6522016870858612
2732,35MQT,757079.9999618995,-210100.0000075382,Forest,moderate,1.076795552123175
2733,35MQT,768279.9999618995,-306420.0000075382,Forest,moderate,0.552340497074329
2734,35MRT,836939.9999791873,-212340.00003029776,Forest,moderate,1.0792558566332644
2735,35MQT,790679.9999618995,-301940.0000075382,Forest,moderate,1.0125289490260014
2736,35MQT,781719.9999618995,-288500.0000075382,Forest,moderate,1.0568947554688288
2737,35MQS,777239.9999815882,-303400.00004478084,Forest,moderate,1.071690997860201
2738,35MQT,730199.9999618995,-281780.0000075382,Forest,moderate,0.8119280408502909
2739,35MQT,718999.9999618995,-272820.0000075382,Forest,moderate,1.1309987545397597
2740,35MQT,783959.9999618995,-288500.0000075382,Forest,moderate,1.1758667115213537
2741,35MQT,779479.9999618995,-295220.0000075382,Forest,moderate,0.7644326460008305
2742,36MTC,919793.0706216183,-222035.10640709678,Forest,moderate,0.8942860701343588
2743,35MRU,910859.9999978954,-166080.00000391336,Forest,moderate,0.513514425967539
2744,35MQU,772759.9999682134,-188480.00004559453,Forest,moderate,0.7540262865273999
2745,35MQT,770519.9999618995,-248180.0000075382,Forest,moderate,0.6910674592317871
2746,35MQT,743639.9999618995,-286260.0000075382,Forest,moderate,0.676670734505665
2747,35MRT,834699.9999791873,-212340.00003029776,Forest,moderate,1.0791855236550632
2748,35MRU,910859.9999978954,-186240.00000391336,Forest,moderate,0.9932394627512151
2749,36MTC,910833.0706216183,-215315.10640709675,Forest,moderate,0.8125100447155381
2750,35MQT,786199.9999618995,-288500.0000075382,Forest,moderate,1.1081826917998518
2751,35MQT,734679.9999618995,-268340.0000075382,Forest,moderate,0.654762440661922
2752,36MTC,917553.0706216183,-222035.10640709678,Forest,moderate,0.7255571168905336
2753,35MQU,759319.9999682134,-201920.00004559453,Forest,moderate,0.894373565197998
2754,35MRU,886219.9999978954,-175040.00000391336,Forest,moderate,0.6973418087058921
2755,35MRT,908619.9999791873,-203380.00003029776,Forest,moderate,0.6402557323842958
2756,36MTC,924273.0706216183,-233235.10640709678,Forest,moderate,1.0779839575070007
2757,35MQS,772759.9999815882,-303400.00004478084,Forest,moderate,1.127747327838771
2758,35MRT,910859.9999791873,-212340.00003029776,Forest,moderate,0.7491838841845363
2759,36MTD,895582.7512296877,-184498.61745336922,Forest,moderate,0.9217507093114559
2760,35MQT,772759.9999618995,-286260.0000075382,Forest,moderate,0.8914647009006889
2761,35MQU,777239.9999682134,-172800.00004559453,Forest,moderate,0.9637397202269031
2762,36MTC,930993.0706216183,-233235.10640709678,Forest,moderate,0.7333671699392
2763,35MQU,763799.9999682134,-184000.00004559453,Forest,moderate,1.0177753081398555
2764,35MQT,783959.9999618995,-284020.0000075382,Forest,moderate,1.0698323806662111
2765,35MQT,772759.9999618995,-299700.0000075382,Forest,moderate,0.9786247741856106
2766,35MRU,895179.9999978954,-190720.00000391336,Forest,moderate,1.0882596959432178
2767,35MQU,766039.9999682134,-197440.00004559453,Forest,moderate,0.6925678060929077
2768,35MQT,752599.9999618995,-248180.0000075382,Forest,moderate,0.8297192500648811
2769,35MQT,739159.9999618995,-275060.0000075382,Forest,moderate,0.8300292574481749
2770,35MQT,723479.9999618995,-272820.0000075382,Forest,moderate,1.0108612104176011
2771,35MRU,845899.9999978954,-161600.00000391336,Forest,moderate,1.0531957447286875
2772,35MQT,799639.9999618995,-284020.0000075382,Forest,moderate,0.9368256058744995
2773,36MTD,893342.7512296877,-171058.61745336925,Forest,moderate,0.9007838509430843
2774,35MQT,716759.9999618995,-275060.0000075382,Forest,moderate,1.1547107127202416
2775,36MTC,917553.0706216183,-206355.10640709675,Forest,moderate,1.0839282162467496
2776,35MQU,779479.9999682134,-159360.00004559453,Forest,moderate,0.790556745089904
2777,35MRU,801099.9999978954,-152640.00000391336,Forest,moderate,0.9403694039977726
2778,35MRU,890699.9999978954,-163840.00000391336,Forest,moderate,1.192367527659685
2779,35MQT,781719.9999618995,-277300.0000075382,Forest,moderate,0.8997620425978948
2780,36MTC,928753.0706216183,-230995.10640709678,Forest,moderate,1.1211639962447908
2781,35MQT,779479.9999618995,-304180.0000075382,Forest,moderate,0.7501346080080407
2782,35MQT,754839.9999618995,-250420.0000075382,Forest,moderate,0.6159486739928884
2783,35MQT,777239.9999618995,-252660.0000075382,Forest,moderate,0.6973241318807443
2784,35MQT,777239.9999618995,-295220.0000075382,Forest,moderate,0.9644355807832491
2785,35MQS,774999.9999815882,-301160.00004478084,Forest,moderate,0.9197072796586359
2786,36MTC,913073.0706216183,-210835.10640709675,Forest,moderate,0.6076020661306744
2787,35MQT,757079.9999618995,-241460.0000075382,Forest,moderate,0.7920991548639933
2788,35MRU,897419.9999978954,-172800.00000391336,Forest,moderate,0.5142659205345113
2789,35MQS,777239.9999815882,-298920.00004478084,Forest,moderate,0.8363701848099881
2790,35MQT,779479.9999618995,-216820.0000075382,Forest,moderate,0.8917959666617128
2791,35MQT,734679.9999618995,-281780.0000075382,Forest,moderate,0.635941303772916
2792,36MTD,900062.7512296877,-177778.61745336922,Forest,moderate,0.5440192480948449
2793,36MTC,922033.0706216183,-246675.10640709678,Forest,moderate,1.1158567004133706
2794,35MQU,766039.9999682134,-184000.00004559453,Forest,moderate,0.8915334722269223
2795,35MRU,879499.9999978954,-168320.00000391336,Forest,moderate,0.8413810586112094
2796,36MTD,879902.7512296877,-166578.61745336925,Forest,moderate,0.8369250735070436
2797,35MRT,810059.9999791873,-275060.0000302978,Forest,moderate,1.076313176041116
2798,35MQU,761559.9999682134,-206400.00004559453,Forest,moderate,1.0539737231492565
2799,35MQU,763799.9999682134,-186240.00004559453,Forest,moderate,0.5892320414005047
2800,35MRU,895179.9999978954,-168320.00000391336,Forest,moderate,1.088164062090558
2801,36MTD,897822.7512296877,-175538.61745336922,Forest,moderate,0.9867492981305672
2802,35MRT,857099.9999791873,-250420.0000302978,Forest,moderate,0.9452803285085857
2803,36MTD,915742.7512296877,-191218.61745336922,Forest,moderate,0.5906876874180464
2804,36MTD,909022.7512296877,-204658.61745336922,Forest,moderate,1.0784533497988322
2805,35MRU,899659.9999978954,-152640.00000391336,Forest,moderate,0.7352496840552597
2806,35MRU,848139.9999978954,-157120.00000391336,Forest,moderate,0.9209812870670402
2807,35MQT,801879.9999618995,-234740.0000075382,Forest,moderate,1.0799707169737764
2808,35MQT,781719.9999618995,-281780.0000075382,Forest,moderate,0.9335628727906767
2809,35MQT,736919.9999618995,-275060.0000075382,Forest,moderate,0.5709312745737465
2810,35MQU,768279.9999682134,-199680.00004559453,Forest,moderate,0.6087699938045756
2811,35MQT,792919.9999618995,-301940.0000075382,Forest,moderate,0.7998729514626481
2812,35MRU,904139.9999978954,-172800.00000391336,Forest,moderate,0.6784869112221592
2813,35MRU,801099.9999978954,-154880.00000391336,Forest,moderate,1.0607685611629485
2814,35MQT,772759.9999618995,-261620.0000075382,Forest,moderate,0.9099817581399368
2815,35MQT,745879.9999618995,-270580.0000075382,Forest,moderate,1.0031816731465797
2816,35MQS,768279.9999815882,-298920.00004478084,Forest,moderate,0.7107375568584322
2817,35MQT,741399.9999618995,-284020.0000075382,Forest,moderate,0.6631040735896783
2818,35MQT,763799.9999618995,-205620.0000075382,Forest,moderate,0.8492187810308829
2819,35MQU,759319.9999682134,-204160.00004559453,Forest,moderate,1.1343187231376564
2820,35MQT,727959.9999618995,-272820.0000075382,Forest,moderate,0.9347820503358419
2821,35MRU,836939.9999978954,-199680.00000391336,Forest,moderate,1.0067432406270393
2822,35MQT,770519.9999618995,-295220.0000075382,Forest,moderate,0.8368739280809412
2823,36MTC,919793.0706216183,-215315.10640709675,Forest,moderate,1.146547857789611
2824,35MQT,743639.9999618995,-270580.0000075382,Forest,moderate,0.8369719990531985
2825,36MTC,922033.0706216183,-233235.10640709678,Forest,moderate,0.9242088518909156
2826,35MRU,839179.9999978954,-199680.00000391336,Forest,moderate,0.9626057348538486
2827,35MRT,834699.9999791873,-198900.00003029776,Forest,moderate,0.8963362541221896
2828,35MQS,777239.9999815882,-301160.00004478084,Forest,moderate,0.8532104333428732
2829,35MRU,910859.9999978954,-206400.00000391336,Forest,moderate,0.6629016984291701
2830,35MQT,768279.9999618995,-275060.0000075382,Forest,moderate,0.7110887007567928
2831,35MRU,852619.9999978954,-168320.00000391336,Forest,moderate,1.188303678721078
2832,35MQT,781719.9999618995,-250420.0000075382,Forest,moderate,0.7153177378683329
2833,36MTC,917553.0706216183,-224275.10640709678,Forest,moderate,1.0159562988981017
2834,36MTD,917982.7512296877,-206898.61745336922,Forest,moderate,1.0088468366617502
2835,35MQT,777239.9999618995,-281780.0000075382,Forest,moderate,0.9587472283888391
2836,35MRU,904139.9999978954,-181760.00000391336,Forest,moderate,0.513164812604904
2837,36MTD,913502.7512296877,-182258.61745336922,Forest,moderate,0.6633715241433888
2838,35MRU,910859.9999978954,-163840.00000391336,Forest,moderate,0.5516544908535442
2839,35MRT,836939.9999791873,-198900.00003029776,Forest,moderate,0.9577199378187251
2840,35MQT,748119.9999618995,-288500.0000075382,Forest,moderate,0.6896408436618319
2841,36MTD,879902.7512296877,-175538.61745336922,Forest,moderate,0.9411120474527118
2842,35MQT,741399.9999618995,-268340.0000075382,Forest,moderate,0.9024768662042018
2843,35MQT,783959.9999618995,-275060.0000075382,Forest,moderate,0.9112112198107112
2844,35MQT,790679.9999618995,-284020.0000075382,Forest,moderate,0.7076565842948183
2845,36MTD,920222.7512296877,-191218.61745336922,Forest,moderate,0.5641346101733675
2846,35MQT,790679.9999618995,-297460.0000075382,Forest,moderate,1.1554244640493523
2847,35MQT,783959.9999618995,-295220.0000075382,Forest,moderate,1.0815043549976178
2848,35MQT,752599.9999618995,-261620.0000075382,Forest,moderate,0.6929776437171792
2849,35MQT,739159.9999618995,-266100.0000075382,Forest,moderate,1.0042708373163702
2850,36MTC,922033.0706216183,-235475.10640709678,Forest,moderate,0.8495505972617307
2851,35MRT,801099.9999791873,-230260.0000302978,Forest,moderate,1.0314030759739068
2852,35MRT,859339.9999791873,-261620.0000302978,Forest,moderate,0.7860387663399369
2853,35MQS,788439.9999815882,-307880.00004478084,Forest,moderate,1.1955993151546758
2854,35MRU,906379.9999978954,-166080.00000391336,Forest,moderate,0.9825603417234197
2855,35MQT,781719.9999618995,-286260.0000075382,Forest,moderate,1.1469976711960475
2856,35MRU,859339.9999978954,-186240.00000391336,Forest,moderate,1.052658327480874
2857,35MQT,792919.9999618995,-286260.0000075382,Forest,moderate,1.0090568706607181
2858,36MTD,900062.7512296877,-195698.61745336922,Forest,moderate,1.0642588204272032
2859,35MRU,895179.9999978954,-184000.00000391336,Forest,moderate,0.9414617338948245
2860,36MTC,922033.0706216183,-237715.10640709678,Forest,moderate,1.0321250884339772
2861,35MRT,910859.9999791873,-205620.00003029776,Forest,moderate,0.6443929829945099
2862,35MRU,904139.9999978954,-177280.00000391336,Forest,moderate,0.548442311570684
2863,35MQT,779479.9999618995,-279540.0000075382,Forest,moderate,1.067654744621426
2864,35MQT,777239.9999618995,-290740.0000075382,Forest,moderate,1.1332040357522133
2865,35MQT,779479.9999618995,-272820.0000075382,Forest,moderate,0.9847094467038668
2866,36MTC,928753.0706216183,-226515.10640709678,Forest,moderate,0.8498161552995295
2867,35MQT,772759.9999618995,-288500.0000075382,Forest,moderate,1.0225791067284535
2868,36MTD,891102.7512296877,-164338.61745336925,Forest,moderate,1.122687301074405
2869,35MQT,768279.9999618995,-277300.0000075382,Forest,moderate,0.6146313390824028
2870,36MTC,917553.0706216183,-215315.10640709675,Forest,moderate,0.5397719758194888
2871,35MQU,766039.9999682134,-199680.00004559453,Forest,moderate,0.5557978908555249
2872,35MQT,774999.9999618995,-261620.0000075382,Forest,moderate,0.7313094374256891
2873,36MTD,924702.7512296877,-188978.61745336922,Forest,moderate,0.6887419272997803
2874,35MQS,788439.9999815882,-310120.00004478084,Forest,moderate,0.9603503973388999
2875,35MQT,790679.9999618995,-286260.0000075382,Forest,moderate,0.8036357693127538
2876,35MQT,759319.9999618995,-203380.0000075382,Forest,moderate,1.0557574886411685
2877,35MQT,772759.9999618995,-245940.0000075382,Forest,moderate,0.6912744703472192
2878,35MRU,850379.9999978954,-172800.00000391336,Forest,moderate,0.8882461222264535
2879,36MTC,922033.0706216183,-217555.10640709675,Forest,moderate,1.0696939507830125
2880,35MQT,772759.9999618995,-279540.0000075382,Forest,moderate,1.16961656441284
2881,35MQT,786199.9999618995,-295220.0000075382,Forest,complex,1.292153001539595
2882,35MRU,852619.9999978954,-179520.00000391336,Forest,complex,1.2431594903662868
2883,36MTC,924273.0706216183,-235475.10640709678,Forest,complex,1.2319097837567408
2884,35MQT,727959.9999618995,-270580.0000075382,Forest,complex,1.202491063074632
2885,35MRU,854859.9999978954,-168320.00000391336,Forest,complex,1.3232476183377972
2886,35MQT,712279.9999618995,-281780.0000075382,Forest,complex,1.2545045997998803
2887,35MQT,783959.9999618995,-286260.0000075382,Forest,complex,1.2291977103072735
2888,36MTD,884382.7512296877,-175538.61745336922,Forest,complex,1.220325288897333
2889,35MQT,710039.9999618995,-284020.0000075382,Forest,complex,1.2111919984104857
2890,35MQU,795159.9999682134,-168320.00004559453,Forest,complex,1.2473710810800511
2891,35MQT,727959.9999618995,-268340.0000075382,Forest,complex,1.3268545794433688
2892,35MQT,712279.9999618995,-268340.0000075382,Forest,complex,1.3839570069133067
2893,35MQT,788439.9999618995,-295220.0000075382,Forest,complex,1.26949041799706
2894,35MQT,712279.9999618995,-279540.0000075382,Forest,complex,1.3136027015047536
2895,35MRT,850379.9999791873,-252660.0000302978,Forest,complex,1.424200855692876
2896,35MQT,710039.9999618995,-279540.0000075382,Forest,complex,1.3080905571362322
2897,35MRU,845899.9999978954,-159360.00000391336,Forest,complex,1.2400547068951695
2898,35MQT,788439.9999618995,-301940.0000075382,Forest,complex,1.2750465113284184
2899,35MRU,879499.9999978954,-166080.00000391336,Forest,complex,1.3099683105121973
2900,35MRT,843659.9999791873,-201140.00003029776,Forest,complex,1.386149346936397
2901,36MTC,928753.0706216183,-233235.10640709678,Forest,complex,1.222933989491298
2902,35MQT,783959.9999618995,-292980.0000075382,Forest,complex,1.223142698604936
2903,35MQT,714519.9999618995,-270580.0000075382,Forest,complex,1.429013583111302
2904,35MQT,783959.9999618995,-290740.0000075382,Forest,complex,1.2302540609015398
2905,35MQT,806359.9999618995,-288500.0000075382,Forest,complex,1.2769624506981312
2906,35MRU,843659.9999978954,-157120.00000391336,Forest,complex,1.2217423723253595
2907,35MQT,788439.9999618995,-297460.0000075382,Forest,complex,1.2426219353204302
2908,35MQT,727959.9999618995,-275060.0000075382,Forest,complex,1.2516881478801662
2909,35MPT,710879.9999501455,-279539.9999929683,Forest,complex,1.2752342911599364
2910,36MTC,899633.0706216183,-264595.1064070968,Forest,complex,1.4199562752549493
2911,35MQT,788439.9999618995,-292980.0000075382,Forest,complex,1.2680304984015995
2912,35MQU,779479.9999682134,-179520.00004559453,Forest,complex,1.6421273457949994
2913,35MRU,848139.9999978954,-161600.00000391336,Forest,complex,1.2203443448227016
2914,35MQT,801879.9999618995,-230260.0000075382,Forest,complex,1.2017613469117554
2915,35MRU,904139.9999978954,-186240.00000391336,Forest,complex,1.2929476261198056
2916,35MQS,788439.9999815882,-303400.00004478084,Forest,complex,1.2558572362320173
2917,35MQT,786199.9999618995,-290740.0000075382,Forest,complex,1.2783167091861372
2918,35MQS,788439.9999815882,-301160.00004478084,Forest,complex,1.2718470873679801
2919,35MRU,850379.9999978954,-168320.00000391336,Forest,complex,1.2033566191860903
2920,35MRT,857099.9999791873,-252660.0000302978,Forest,complex,1.2501648987378466
2921,35MQT,788439.9999618995,-304180.0000075382,Forest,complex,1.241287844698751
2922,36MTC,924273.0706216183,-228755.10640709678,Forest,complex,1.4747130727563527
2923,35MQT,725719.9999618995,-272820.0000075382,Forest,complex,1.237852802765243
2924,35MQT,786199.9999618995,-272820.0000075382,Forest,complex,1.2499443078676868
2925,35MQT,786199.9999618995,-297460.0000075382,Forest,complex,1.335133810257504
2926,36MTD,891102.7512296877,-191218.61745336922,Forest,complex,1.2973976534368368
2927,35MQT,786199.9999618995,-292980.0000075382,Forest,complex,1.3139728122255068
2928,35MQT,712279.9999618995,-277300.0000075382,Forest,complex,1.3019450322753336
2929,35MRU,852619.9999978954,-170560.00000391336,Forest,complex,1.2816064328773453
2930,35MQT,781719.9999618995,-290740.0000075382,Forest,complex,1.2176487822944122
2931,35MQT,790679.9999618995,-288500.0000075382,Forest,complex,1.2593242390400627
2932,35MRU,848139.9999978954,-163840.00000391336,Forest,complex,1.2160034065896987
2933,35MRU,899659.9999978954,-157120.00000391336,Grassland_and_Shrubland,homogeneous,0.3781269542835434
2934,36MTD,902302.7512296877,-191218.61745336922,Grassland_and_Shrubland,homogeneous,0.02472806146052857
2935,36MTD,902302.7512296877,-195698.61745336922,Grassland_and_Shrubland,homogeneous,0.00944627320215688
2936,35MRU,897419.9999978954,-188480.00000391336,Grassland_and_Shrubland,homogeneous,0.38662038957628536
2937,36MTD,900062.7512296877,-159858.61745336925,Grassland_and_Shrubland,homogeneous,0.4385095366050307
2938,35MRU,881739.9999978954,-154880.00000391336,Grassland_and_Shrubland,homogeneous,0.28733673529618586
2939,35MRU,899659.9999978954,-186240.00000391336,Grassland_and_Shrubland,homogeneous,0.44177553194238783
2940,36MTD,902302.7512296877,-157618.61745336925,Grassland_and_Shrubland,homogeneous,0.2424715045015659
2941,35MRU,870539.9999978954,-170560.00000391336,Grassland_and_Shrubland,homogeneous,0.06250636684385667
2942,36MTD,886622.7512296877,-148658.61745336925,Grassland_and_Shrubland,homogeneous,0.09402917897572367
2943,35MRU,897419.9999978954,-186240.00000391336,Grassland_and_Shrubland,homogeneous,0.47125588871133917
2944,35MRU,890699.9999978954,-152640.00000391336,Grassland_and_Shrubland,homogeneous,0.49852061047782037
2945,35MRU,901899.9999978954,-159360.00000391336,Grassland_and_Shrubland,homogeneous,0.30172658263538094
2946,35MRU,886219.9999978954,-148160.00000391336,Grassland_and_Shrubland,homogeneous,0.18872087030466497
2947,36MTD,886622.7512296877,-144178.61745336925,Grassland_and_Shrubland,homogeneous,0.3601912387676405
2948,35MRU,870539.9999978954,-168320.00000391336,Grassland_and_Shrubland,homogeneous,0.4031518797528947
2949,36MTD,897822.7512296877,-191218.61745336922,Grassland_and_Shrubland,homogeneous,0.46923369114860397
2950,35MRU,901899.9999978954,-190720.00000391336,Grassland_and_Shrubland,homogeneous,0.25297006783668774
2951,36MTD,900062.7512296877,-157618.61745336925,Grassland_and_Shrubland,homogeneous,0.21282245993801144
2952,36MTD,886622.7512296877,-146418.61745336925,Grassland_and_Shrubland,homogeneous,0.48182309421842917
2953,36MTD,902302.7512296877,-188978.61745336922,Grassland_and_Shrubland,homogeneous,0.010938601739690532
2954,35MRU,899659.9999978954,-190720.00000391336,Grassland_and_Shrubland,homogeneous,0.4914446305233655
2955,35MRU,890699.9999978954,-150400.00000391336,Grassland_and_Shrubland,homogeneous,0.394535272127835
2956,35MRU,899659.9999978954,-188480.00000391336,Grassland_and_Shrubland,homogeneous,0.4566214011145584
2957,36MTD,870942.7512296876,-168818.61745336925,Grassland_and_Shrubland,homogeneous,0.09543408589779173
2958,36MTD,893342.7512296877,-180018.61745336922,Grassland_and_Shrubland,homogeneous,0.37369397964010254
2959,35MRU,901899.9999978954,-188480.00000391336,Grassland_and_Shrubland,homogeneous,0.10266942316750244
2960,35MRU,897419.9999978954,-190720.00000391336,Grassland_and_Shrubland,homogeneous,0.39237448476312364
2961,35MQT,712279.9999618995,-297460.0000075382,Grassland_and_Shrubland,homogeneous,0.37613178301917005
2962,36MTD,902302.7512296877,-197938.61745336922,Grassland_and_Shrubland,homogeneous,0.03147842675036852
2963,35MRU,901899.9999978954,-157120.00000391336,Grassland_and_Shrubland,homogeneous,0.39133086223191427
2964,36MTD,882142.7512296877,-155378.61745336925,Grassland_and_Shrubland,homogeneous,0.38140629132533815
2965,36MTD,897822.7512296877,-159858.61745336925,Grassland_and_Shrubland,homogeneous,0.4132293345819933
2966,36MTC,901873.0706216183,-199635.10640709675,Grassland_and_Shrubland,homogeneous,0.35870970892949805
2967,36MTD,902302.7512296877,-200178.61745336922,Grassland_and_Shrubland,homogeneous,0.34361462212924015
2968,35MRT,901899.9999791873,-198900.00003029776,Grassland_and_Shrubland,homogeneous,0.22908068248227503
2969,35MRU,901899.9999978954,-197440.00000391336,Grassland_and_Shrubland,homogeneous,0.19397342105757115
2970,35MRU,848139.9999978954,-150400.00000391336,Grassland_and_Shrubland,homogeneous,0.11168125229696342
2971,36MTD,897822.7512296877,-157618.61745336925,Grassland_and_Shrubland,homogeneous,0.326824091534779
2972,36MTD,897822.7512296877,-186738.61745336922,Grassland_and_Shrubland,homogeneous,0.2502383470423485
2973,36MTD,888862.7512296877,-148658.61745336925,Grassland_and_Shrubland,homogeneous,0.4988283170871491
2974,35MRU,901899.9999978954,-192960.00000391336,Grassland_and_Shrubland,homogeneous,0.0802747408385502
2975,36MTD,900062.7512296877,-188978.61745336922,Grassland_and_Shrubland,homogeneous,0.4369574687259198
2976,35MRU,892939.9999978954,-179520.00000391336,Grassland_and_Shrubland,homogeneous,0.38461152413992056
2977,35MRU,901899.9999978954,-195200.00000391336,Grassland_and_Shrubland,homogeneous,0.0010637021481253366
2978,35MRU,899659.9999978954,-159360.00000391336,Grassland_and_Shrubland,homogeneous,0.3830883313555032
2979,36MTD,904542.7512296877,-188978.61745336922,Grassland_and_Shrubland,homogeneous,0.030194959223893852
2980,35MRU,901899.9999978954,-199680.00000391336,Grassland_and_Shrubland,homogeneous,0.36012406664967783
2981,35MRU,888459.9999978954,-148160.00000391336,Grassland_and_Shrubland,homogeneous,0.28620993550949564
2982,36MTD,900062.7512296877,-193458.61745336922,Grassland_and_Shrubland,homogeneous,0.1467871526857936
2983,35MRU,899659.9999978954,-192960.00000391336,Grassland_and_Shrubland,homogeneous,0.19819011535690342
2984,35MRU,904139.9999978954,-188480.00000391336,Grassland_and_Shrubland,homogeneous,0.003331445637738693
2985,36MTD,902302.7512296877,-159858.61745336925,Grassland_and_Shrubland,homogeneous,0.44754029615644086
2986,36MTD,897822.7512296877,-188978.61745336922,Grassland_and_Shrubland,homogeneous,0.35760502323951504
2987,36MTD,902302.7512296877,-202418.61745336922,Grassland_and_Shrubland,moderate,0.7046809325391269
2988,35MRU,890699.9999978954,-134720.00000391336,Grassland_and_Shrubland,moderate,0.7612470633380728
2989,35MRT,854859.9999791873,-239220.0000302978,Grassland_and_Shrubland,moderate,0.7760483110338037
2990,36MTD,891102.7512296877,-153138.61745336925,Grassland_and_Shrubland,moderate,0.5205872486670514
2991,35MRT,904139.9999791873,-203380.00003029776,Grassland_and_Shrubland,moderate,1.0640881375394002
2992,36MTD,897822.7512296877,-206898.61745336922,Grassland_and_Shrubland,moderate,1.0144115197368855
2993,35MRU,848139.9999978954,-152640.00000391336,Grassland_and_Shrubland,moderate,1.0342969225252638
2994,36MTD,895582.7512296877,-177778.61745336922,Grassland_and_Shrubland,moderate,0.5901851677148553
2995,36MTD,886622.7512296877,-150898.61745336925,Grassland_and_Shrubland,moderate,0.5890917178069544
2996,35MRU,906379.9999978954,-192960.00000391336,Grassland_and_Shrubland,moderate,1.0414607504449684
2997,36MTD,900062.7512296877,-150898.61745336925,Grassland_and_Shrubland,moderate,1.1097144840626243
2998,35MRT,906379.9999791873,-205620.00003029776,Grassland_and_Shrubland,moderate,1.0928011092809164
2999,35MRU,897419.9999978954,-192960.00000391336,Grassland_and_Shrubland,moderate,0.9593768349397651
3000,36MTD,893342.7512296877,-186738.61745336922,Grassland_and_Shrubland,moderate,0.7176439532202389
3001,36MTD,891102.7512296877,-135218.61745336925,Grassland_and_Shrubland,moderate,0.8538960109519498
3002,36MTC,908593.0706216183,-210835.10640709675,Grassland_and_Shrubland,moderate,0.8602226533210557
3003,36MTD,882142.7512296877,-153138.61745336925,Grassland_and_Shrubland,moderate,0.818639037446341
3004,35MRU,852619.9999978954,-161600.00000391336,Grassland_and_Shrubland,moderate,0.817125013257629
3005,36MTD,904542.7512296877,-173298.61745336925,Grassland_and_Shrubland,moderate,0.6607235270062195
3006,36MTD,893342.7512296877,-144178.61745336925,Grassland_and_Shrubland,moderate,0.8635402363084994
3007,35MRU,899659.9999978954,-154880.00000391336,Grassland_and_Shrubland,moderate,0.8691929769489013
3008,36MTD,888862.7512296877,-150898.61745336925,Grassland_and_Shrubland,moderate,0.6211247044155503
3009,36MTD,897822.7512296877,-177778.61745336922,Grassland_and_Shrubland,moderate,1.0488742373843483
3010,36MTD,893342.7512296877,-164338.61745336925,Grassland_and_Shrubland,moderate,0.6297488964429541
3011,35MRU,906379.9999978954,-195200.00000391336,Grassland_and_Shrubland,moderate,1.1051748978666722
3012,35MRT,906379.9999791873,-207860.00003029776,Grassland_and_Shrubland,moderate,0.9411036525576263
3013,36MTD,882142.7512296877,-119538.61745336924,Grassland_and_Shrubland,moderate,0.5812089655986771
3014,35MRU,897419.9999978954,-157120.00000391336,Grassland_and_Shrubland,moderate,0.5287099860915205
3015,35MRU,899659.9999978954,-195200.00000391336,Grassland_and_Shrubland,moderate,1.044851047558177
3016,35MRU,895179.9999978954,-192960.00000391336,Grassland_and_Shrubland,moderate,1.183791564710557
3017,36MTD,895582.7512296877,-157618.61745336925,Grassland_and_Shrubland,moderate,0.8843746635064709
3018,35MRU,888459.9999978954,-130240.00000391334,Grassland_and_Shrubland,moderate,0.9865843450096948
3019,35MRU,904139.9999978954,-175040.00000391336,Grassland_and_Shrubland,moderate,0.6929391547425563
3020,35MRU,886219.9999978954,-152640.00000391336,Grassland_and_Shrubland,moderate,0.5505821047348314
3021,35MRT,904139.9999791873,-198900.00003029776,Grassland_and_Shrubland,moderate,1.038594631099105
3022,35MRU,906379.9999978954,-190720.00000391336,Grassland_and_Shrubland,moderate,1.0605358546576489
3023,36MTD,888862.7512296877,-175538.61745336922,Grassland_and_Shrubland,moderate,0.985575055152889
3024,35MRU,904139.9999978954,-161600.00000391336,Grassland_and_Shrubland,moderate,1.041072089933953
3025,35MRU,895179.9999978954,-197440.00000391336,Grassland_and_Shrubland,moderate,0.8476107646923943
3026,36MTD,875422.7512296876,-135218.61745336925,Grassland_and_Shrubland,moderate,0.960565999770588
3027,35MRU,895179.9999978954,-139200.00000391336,Grassland_and_Shrubland,moderate,0.9378462945167931
3028,36MTD,895582.7512296877,-186738.61745336922,Grassland_and_Shrubland,moderate,1.0434184049586581
3029,36MTD,873182.7512296876,-117298.61745336924,Grassland_and_Shrubland,moderate,1.1062130576451725
3030,35MRU,892939.9999978954,-163840.00000391336,Grassland_and_Shrubland,moderate,0.7978261124969038
3031,35MRU,901899.9999978954,-154880.00000391336,Grassland_and_Shrubland,moderate,1.0132860252333558
3032,35MRU,901899.9999978954,-161600.00000391336,Grassland_and_Shrubland,moderate,0.5317105250714087
3033,36MTD,884382.7512296877,-153138.61745336925,Grassland_and_Shrubland,moderate,0.6007260913594132
3034,35MRU,888459.9999978954,-150400.00000391336,Grassland_and_Shrubland,moderate,0.5190309399871672
3035,36MTD,906782.7512296877,-193458.61745336922,Grassland_and_Shrubland,moderate,1.0939923631236885
3036,35MRU,892939.9999978954,-188480.00000391336,Grassland_and_Shrubland,moderate,0.7303091777113451
3037,36MTD,888862.7512296877,-128498.61745336924,Grassland_and_Shrubland,moderate,1.1040395672569692
3038,35MRU,899659.9999978954,-150400.00000391336,Grassland_and_Shrubland,moderate,1.1412582971374152
3039,35MRU,906379.9999978954,-206400.00000391336,Grassland_and_Shrubland,moderate,0.9983252473417136
3040,35MRU,892939.9999978954,-139200.00000391336,Grassland_and_Shrubland,moderate,1.0705074777619175
3041,35MRU,895179.9999978954,-179520.00000391336,Grassland_and_Shrubland,moderate,0.8574222774431377
3042,35MRU,897419.9999978954,-195200.00000391336,Grassland_and_Shrubland,moderate,0.9400689225980703
3043,36MTD,902302.7512296877,-186738.61745336922,Grassland_and_Shrubland,moderate,1.0341087834901324
3044,35MRU,904139.9999978954,-197440.00000391336,Grassland_and_Shrubland,moderate,0.5016033701071738
3045,35MRU,875019.9999978954,-134720.00000391336,Grassland_and_Shrubland,moderate,0.7845380183499389
3046,35MRU,848139.9999978954,-154880.00000391336,Grassland_and_Shrubland,moderate,1.1361641739738513
3047,35MRU,890699.9999978954,-132480.00000391336,Grassland_and_Shrubland,moderate,0.8440179985231486
3048,36MTD,893342.7512296877,-141938.61745336925,Grassland_and_Shrubland,moderate,0.9146429909087461
3049,36MTD,895582.7512296877,-139698.61745336925,Grassland_and_Shrubland,moderate,0.8740841111914572
3050,35MRT,857099.9999791873,-239220.0000302978,Grassland_and_Shrubland,moderate,1.0696162075930444
3051,35MRU,904139.9999978954,-159360.00000391336,Grassland_and_Shrubland,moderate,0.979306568157272
3052,35MRU,852619.9999978954,-163840.00000391336,Grassland_and_Shrubland,moderate,0.914659529243357
3053,36MTD,886622.7512296877,-153138.61745336925,Grassland_and_Shrubland,moderate,0.6668342715276581
3054,35MRU,890699.9999978954,-130240.00000391334,Grassland_and_Shrubland,moderate,1.0196587111193003
3055,35MRU,892939.9999978954,-152640.00000391336,Grassland_and_Shrubland,moderate,0.7006219552523946
3056,35MQU,772759.9999682134,-186240.00004559453,Grassland_and_Shrubland,moderate,1.0121833282839754
3057,35MRU,888459.9999978954,-145920.00000391336,Grassland_and_Shrubland,moderate,0.9224901757530066
3058,35MRU,904139.9999978954,-206400.00000391336,Grassland_and_Shrubland,moderate,0.8907525336847737
3059,36MTD,868702.7512296876,-168818.61745336925,Grassland_and_Shrubland,moderate,1.064797255832627
3060,36MTD,895582.7512296877,-188978.61745336922,Grassland_and_Shrubland,moderate,1.0404269685579974
3061,35MRU,890699.9999978954,-143680.00000391336,Grassland_and_Shrubland,moderate,0.5733863784052257
3062,36MTD,873182.7512296876,-168818.61745336925,Grassland_and_Shrubland,moderate,1.0653841227695886
3063,36MTD,895582.7512296877,-180018.61745336922,Grassland_and_Shrubland,moderate,0.8667654257967088
3064,36MTC,906353.0706216183,-206355.10640709675,Grassland_and_Shrubland,moderate,1.008023071039586
3065,35MRU,857099.9999978954,-163840.00000391336,Grassland_and_Shrubland,moderate,1.1591052456608752
3066,35MRT,901899.9999791873,-201140.00003029776,Grassland_and_Shrubland,moderate,0.5889410747026691
3067,35MRU,868299.9999978954,-170560.00000391336,Grassland_and_Shrubland,moderate,1.1537970343475004
3068,35MRU,852619.9999978954,-166080.00000391336,Grassland_and_Shrubland,moderate,1.0863968860054412
3069,35MRU,883979.9999978954,-152640.00000391336,Grassland_and_Shrubland,moderate,0.7444013409434166
3070,36MTD,906782.7512296877,-206898.61745336922,Grassland_and_Shrubland,moderate,0.9799863586562143
3071,35MRU,904139.9999978954,-204160.00000391336,Grassland_and_Shrubland,moderate,0.9787345020264604
3072,36MTD,886622.7512296877,-141938.61745336925,Grassland_and_Shrubland,moderate,1.0182628323027219
3073,35MRU,888459.9999978954,-175040.00000391336,Grassland_and_Shrubland,moderate,0.9652359450421297
3074,36MTC,904113.0706216183,-204115.10640709675,Grassland_and_Shrubland,moderate,0.9620236785172864
3075,36MTD,893342.7512296877,-148658.61745336925,Grassland_and_Shrubland,moderate,0.9395749659811525
3076,35MRU,892939.9999978954,-145920.00000391336,Grassland_and_Shrubland,moderate,1.0079284973533347
3077,35MRU,883979.9999978954,-154880.00000391336,Grassland_and_Shrubland,moderate,0.6657032983084787
3078,35MRU,897419.9999978954,-179520.00000391336,Grassland_and_Shrubland,moderate,0.7885063946005458
3079,36MTD,870942.7512296876,-171058.61745336925,Grassland_and_Shrubland,moderate,0.7144896111837539
3080,35MRU,892939.9999978954,-141440.00000391336,Grassland_and_Shrubland,moderate,1.0498948959824317
3081,36MTC,906353.0706216183,-208595.10640709675,Grassland_and_Shrubland,moderate,0.8584830049467855
3082,35MRU,850379.9999978954,-166080.00000391336,Grassland_and_Shrubland,moderate,1.0987741592195133
3083,36MTD,900062.7512296877,-162098.61745336925,Grassland_and_Shrubland,moderate,0.6779491502557105
3084,36MTD,891102.7512296877,-146418.61745336925,Grassland_and_Shrubland,moderate,0.9076508504415233
3085,36MTD,888862.7512296877,-177778.61745336922,Grassland_and_Shrubland,moderate,0.8892202676486285
3086,35MQU,752599.9999682134,-179520.00004559453,Grassland_and_Shrubland,moderate,0.5718927022643622
3087,35MQU,768279.9999682134,-188480.00004559453,Grassland_and_Shrubland,moderate,1.088393567791233
3088,35MRU,892939.9999978954,-143680.00000391336,Grassland_and_Shrubland,moderate,0.985241302208067
3089,35MRU,886219.9999978954,-150400.00000391336,Grassland_and_Shrubland,moderate,0.5550890099012057
3090,35MRU,897419.9999978954,-159360.00000391336,Grassland_and_Shrubland,moderate,0.5277753855383696
3091,35MRU,901899.9999978954,-201920.00000391336,Grassland_and_Shrubland,moderate,0.703886586414916
3092,36MTD,868702.7512296876,-171058.61745336925,Grassland_and_Shrubland,moderate,0.905550058935489
3093,36MTD,888862.7512296877,-141938.61745336925,Grassland_and_Shrubland,moderate,0.8168804990384304
3094,35MRU,895179.9999978954,-159360.00000391336,Grassland_and_Shrubland,moderate,0.9629476492990771
3095,35MRU,895179.9999978954,-186240.00000391336,Grassland_and_Shrubland,moderate,1.123873349481541
3096,36MTD,888862.7512296877,-153138.61745336925,Grassland_and_Shrubland,moderate,0.8002393353105975
3097,36MTD,886622.7512296877,-177778.61745336922,Grassland_and_Shrubland,moderate,0.6879913349752296
3098,35MRU,897419.9999978954,-177280.00000391336,Grassland_and_Shrubland,moderate,0.9718622040705487
3099,35MRU,868299.9999978954,-125760.00000391334,Grassland_and_Shrubland,moderate,0.9809006996795934
3100,36MTD,893342.7512296877,-162098.61745336925,Grassland_and_Shrubland,moderate,0.9942679489683035
3101,35MRU,890699.9999978954,-179520.00000391336,Grassland_and_Shrubland,moderate,0.9141903445045461
3102,35MRU,843659.9999978954,-152640.00000391336,Grassland_and_Shrubland,moderate,1.1528356953069845
3103,36MTD,902302.7512296877,-162098.61745336925,Grassland_and_Shrubland,moderate,0.6842953532781371
3104,36MTD,893342.7512296877,-146418.61745336925,Grassland_and_Shrubland,moderate,1.04968098885189
3105,35MRU,861579.9999978954,-145920.00000391336,Grassland_and_Shrubland,moderate,1.0349686473136535
3106,35MRT,901899.9999791873,-203380.00003029776,Grassland_and_Shrubland,moderate,0.9282768928888767
3107,36MTD,904542.7512296877,-175538.61745336922,Grassland_and_Shrubland,moderate,0.6871936390458346
3108,36MTD,893342.7512296877,-177778.61745336922,Grassland_and_Shrubland,moderate,0.9502849118082264
3109,35MQU,774999.9999682134,-192960.00004559453,Grassland_and_Shrubland,moderate,0.5518635292694474
3110,35MRU,850379.9999978954,-161600.00000391336,Grassland_and_Shrubland,moderate,0.6288619115422085
3111,36MTD,870942.7512296876,-166578.61745336925,Grassland_and_Shrubland,moderate,1.094058507233846
3112,36MTD,902302.7512296877,-155378.61745336925,Grassland_and_Shrubland,moderate,0.8278253036080705
3113,36MTD,904542.7512296877,-206898.61745336922,Grassland_and_Shrubland,moderate,0.878342262862027
3114,36MTD,886622.7512296877,-126258.61745336924,Grassland_and_Shrubland,moderate,1.1733650606969743
3115,35MQU,772759.9999682134,-190720.00004559453,Grassland_and_Shrubland,moderate,0.8650412095970768
3116,35MRU,904139.9999978954,-154880.00000391336,Grassland_and_Shrubland,moderate,0.9181353268199344
3117,35MRU,859339.9999978954,-141440.00000391336,Grassland_and_Shrubland,moderate,0.8579524761912155
3118,36MTD,888862.7512296877,-144178.61745336925,Grassland_and_Shrubland,moderate,0.8587871429126862
3119,35MRU,890699.9999978954,-175040.00000391336,Grassland_and_Shrubland,moderate,0.9096834574285528
3120,35MRU,910859.9999978954,-159360.00000391336,Grassland_and_Shrubland,moderate,1.172278597015671
3121,36MTD,897822.7512296877,-153138.61745336925,Grassland_and_Shrubland,moderate,1.0120204056936608
3122,36MTD,891102.7512296877,-144178.61745336925,Grassland_and_Shrubland,moderate,0.7793778043224104
3123,35MRU,892939.9999978954,-186240.00000391336,Grassland_and_Shrubland,moderate,0.6221178450521061
3124,36MTD,891102.7512296877,-132978.61745336925,Grassland_and_Shrubland,moderate,0.9454321238391137
3125,35MRU,890699.9999978954,-145920.00000391336,Grassland_and_Shrubland,moderate,1.0680861011281007
3126,35MRU,886219.9999978954,-177280.00000391336,Grassland_and_Shrubland,moderate,0.8649462047064818
3127,36MTD,884382.7512296877,-177778.61745336922,Grassland_and_Shrubland,moderate,0.8941201005905284
3128,35MRU,883979.9999978954,-177280.00000391336,Grassland_and_Shrubland,moderate,0.9167288020489459
3129,35MRU,906379.9999978954,-208640.00000391336,Grassland_and_Shrubland,moderate,0.8498140629063715
3130,35MRU,845899.9999978954,-152640.00000391336,Grassland_and_Shrubland,moderate,0.9509831594341812
3131,36MTD,891102.7512296877,-150898.61745336925,Grassland_and_Shrubland,moderate,0.5689851944644354
3132,36MTD,888862.7512296877,-130738.61745336924,Grassland_and_Shrubland,moderate,0.7762321305589408
3133,35MRU,892939.9999978954,-134720.00000391336,Grassland_and_Shrubland,moderate,0.9501104217071763
3134,35MRU,881739.9999978954,-119040.00000391334,Grassland_and_Shrubland,moderate,0.7485212027392425
3135,36MTD,895582.7512296877,-193458.61745336922,Grassland_and_Shrubland,moderate,0.8497882398242981
3136,35MRU,886219.9999978954,-145920.00000391336,Grassland_and_Shrubland,moderate,0.5500936734941173
3137,35MRU,895179.9999978954,-136960.00000391336,Grassland_and_Shrubland,moderate,1.00604272292529
3138,36MTD,895582.7512296877,-197938.61745336922,Grassland_and_Shrubland,moderate,0.9012367198512096
3139,35MRU,886219.9999978954,-179520.00000391336,Grassland_and_Shrubland,moderate,0.9528443883338084
3140,36MTD,879902.7512296877,-148658.61745336925,Grassland_and_Shrubland,moderate,1.0698885612482607
3141,36MTD,897822.7512296877,-162098.61745336925,Grassland_and_Shrubland,moderate,0.6937406852548215
3142,35MQU,770519.9999682134,-188480.00004559453,Grassland_and_Shrubland,moderate,0.7121206596423008
3143,35MRU,899659.9999978954,-184000.00000391336,Grassland_and_Shrubland,moderate,1.1958193527743726
3144,35MRU,888459.9999978954,-154880.00000391336,Grassland_and_Shrubland,moderate,0.7782812221469486
3145,36MTC,904113.0706216183,-199635.10640709675,Grassland_and_Shrubland,moderate,1.0137814575066553
3146,36MTD,897822.7512296877,-150898.61745336925,Grassland_and_Shrubland,moderate,1.0215737637296607
3147,36MTD,893342.7512296877,-188978.61745336922,Grassland_and_Shrubland,moderate,0.8257097623776333
3148,36MTD,900062.7512296877,-155378.61745336925,Grassland_and_Shrubland,moderate,0.7455837470506619
3149,35MRU,886219.9999978954,-123520.00000391334,Grassland_and_Shrubland,moderate,1.1814709505006253
3150,36MTD,888862.7512296877,-146418.61745336925,Grassland_and_Shrubland,moderate,1.0473181707094876
3151,35MRU,892939.9999978954,-136960.00000391336,Grassland_and_Shrubland,moderate,0.7746189766660352
3152,35MRU,866059.9999978954,-130240.00000391334,Grassland_and_Shrubland,moderate,1.0161244211757139
3153,35MQU,774999.9999682134,-188480.00004559453,Grassland_and_Shrubland,moderate,0.9552482531166906
3154,35MRU,901899.9999978954,-204160.00000391336,Grassland_and_Shrubland,moderate,0.9941065121433668
3155,35MRU,895179.9999978954,-157120.00000391336,Grassland_and_Shrubland,moderate,1.0022389797267506
3156,35MRU,895179.9999978954,-195200.00000391336,Grassland_and_Shrubland,moderate,0.8723484477722233
3157,36MTD,897822.7512296877,-180018.61745336922,Grassland_and_Shrubland,moderate,1.0144437062256375
3158,36MTD,900062.7512296877,-197938.61745336922,Grassland_and_Shrubland,moderate,0.8189466077935283
3159,35MRU,895179.9999978954,-161600.00000391336,Grassland_and_Shrubland,moderate,1.0696648044175863
3160,35MQU,774999.9999682134,-186240.00004559453,Grassland_and_Shrubland,moderate,1.1268161410505693
3161,35MRT,904139.9999791873,-207860.00003029776,Grassland_and_Shrubland,moderate,1.0574606924758867
3162,35MRU,888459.9999978954,-139200.00000391336,Grassland_and_Shrubland,moderate,0.8799949221478273
3163,36MTD,895582.7512296877,-159858.61745336925,Grassland_and_Shrubland,moderate,0.9243082569411085
3164,36MTC,904113.0706216183,-206355.10640709675,Grassland_and_Shrubland,moderate,0.904950717781174
3165,35MRT,906379.9999791873,-210100.00003029776,Grassland_and_Shrubland,moderate,0.7948777417477817
3166,36MTD,888862.7512296877,-132978.61745336925,Grassland_and_Shrubland,moderate,0.9704286538317884
3167,35MRU,892939.9999978954,-177280.00000391336,Grassland_and_Shrubland,moderate,1.1643662539876654
3168,36MTD,897822.7512296877,-195698.61745336922,Grassland_and_Shrubland,moderate,1.0826604520308292
3169,36MTC,906353.0706216183,-210835.10640709675,Grassland_and_Shrubland,moderate,1.0699550946533232
3170,36MTD,904542.7512296877,-197938.61745336922,Grassland_and_Shrubland,moderate,1.070349072493978
3171,36MTD,900062.7512296877,-186738.61745336922,Grassland_and_Shrubland,moderate,0.6083169154912892
3172,35MRU,890699.9999978954,-159360.00000391336,Grassland_and_Shrubland,moderate,0.954258392927323
3173,35MRU,888459.9999978954,-152640.00000391336,Grassland_and_Shrubland,moderate,0.8092829519787365
3174,35MRU,899659.9999978954,-161600.00000391336,Grassland_and_Shrubland,moderate,0.5236955953444968
3175,35MRU,888459.9999978954,-177280.00000391336,Grassland_and_Shrubland,moderate,0.6009871465346821
3176,36MTD,891102.7512296877,-141938.61745336925,Grassland_and_Shrubland,moderate,1.0608241153262443
3177,36MTD,897822.7512296877,-184498.61745336922,Grassland_and_Shrubland,moderate,1.0330789117660562
3178,36MTD,893342.7512296877,-135218.61745336925,Grassland_and_Shrubland,moderate,0.9247015715674186
3179,36MTD,906782.7512296877,-209138.61745336922,Grassland_and_Shrubland,moderate,0.7979650162251362
3180,36MTD,902302.7512296877,-204658.61745336922,Grassland_and_Shrubland,moderate,0.7663284122704128
3181,36MTD,891102.7512296877,-180018.61745336922,Grassland_and_Shrubland,moderate,0.5295711388619833
3182,35MRU,888459.9999978954,-141440.00000391336,Grassland_and_Shrubland,moderate,0.911442786225942
3183,35MRU,886219.9999978954,-143680.00000391336,Grassland_and_Shrubland,moderate,0.5649708024836971
3184,35MRU,895179.9999978954,-163840.00000391336,Grassland_and_Shrubland,moderate,1.0068204989479863
3185,35MRT,910859.9999791873,-236980.0000302978,Grassland_and_Shrubland,moderate,1.073491664741876
3186,35MRU,888459.9999978954,-143680.00000391336,Grassland_and_Shrubland,moderate,0.6746926528047145
3187,36MTD,888862.7512296877,-173298.61745336925,Grassland_and_Shrubland,moderate,0.5066407833609445
3188,36MTD,904542.7512296877,-204658.61745336922,Grassland_and_Shrubland,moderate,1.0498413542730933
3189,36MTD,893342.7512296877,-139698.61745336925,Grassland_and_Shrubland,moderate,0.9313346723492617
3190,36MTD,895582.7512296877,-195698.61745336922,Grassland_and_Shrubland,moderate,0.7880358036172153
3191,36MTC,901873.0706216183,-204115.10640709675,Grassland_and_Shrubland,moderate,1.0070040472286896
3192,35MRU,872779.9999978954,-168320.00000391336,Grassland_and_Shrubland,moderate,0.8783352413754668
3193,36MTD,886622.7512296877,-124018.61745336924,Grassland_and_Shrubland,moderate,1.1628153103143508
3194,36MTD,902302.7512296877,-206898.61745336922,Grassland_and_Shrubland,moderate,0.7449174556245965
3195,35MQU,766039.9999682134,-186240.00004559453,Grassland_and_Shrubland,moderate,1.0073275441562433
3196,35MRU,888459.9999978954,-172800.00000391336,Grassland_and_Shrubland,moderate,0.6140246594740787
3197,36MTD,884382.7512296877,-155378.61745336925,Grassland_and_Shrubland,moderate,0.9415429473475161
3198,36MTC,901873.0706216183,-201875.10640709675,Grassland_and_Shrubland,moderate,0.7076353080592112
3199,36MTD,884382.7512296877,-146418.61745336925,Grassland_and_Shrubland,moderate,0.7302107069207877
3200,35MRU,899659.9999978954,-197440.00000391336,Grassland_and_Shrubland,moderate,1.050331846544824
3201,35MRU,897419.9999978954,-161600.00000391336,Grassland_and_Shrubland,moderate,0.6056385856581377
3202,35MRU,904139.9999978954,-199680.00000391336,Grassland_and_Shrubland,moderate,1.0254478184656268
3203,35MRU,895179.9999978954,-177280.00000391336,Grassland_and_Shrubland,moderate,0.7517849079356774
3204,36MTD,897822.7512296877,-193458.61745336922,Grassland_and_Shrubland,moderate,0.8883307882926068
3205,35MRU,892939.9999978954,-161600.00000391336,Grassland_and_Shrubland,moderate,1.0764339014564515
3206,36MTD,900062.7512296877,-153138.61745336925,Grassland_and_Shrubland,moderate,1.033958429242562
3207,36MTD,900062.7512296877,-191218.61745336922,Grassland_and_Shrubland,moderate,0.55010254200564
3208,35MRU,904139.9999978954,-157120.00000391336,Grassland_and_Shrubland,moderate,0.9419977414880065
3209,36MTD,911262.7512296877,-159858.61745336925,Grassland_and_Shrubland,moderate,1.0947577711210847
3210,35MRT,908619.9999791873,-210100.00003029776,Grassland_and_Shrubland,moderate,1.0467487974723122
3211,36MTD,893342.7512296877,-137458.61745336925,Grassland_and_Shrubland,moderate,0.7835186823874866
3212,35MRU,892939.9999978954,-181760.00000391336,Grassland_and_Shrubland,moderate,1.0168428985780604
3213,35MRU,899659.9999978954,-181760.00000391336,Grassland_and_Shrubland,moderate,1.0760756530059368
3214,35MRT,904139.9999791873,-205620.00003029776,Grassland_and_Shrubland,moderate,1.0090825967170498
3215,35MRU,895179.9999978954,-141440.00000391336,Grassland_and_Shrubland,moderate,1.0244349726561615
3216,36MTD,893342.7512296877,-182258.61745336922,Grassland_and_Shrubland,moderate,1.1832528825209963
3217,35MRU,897419.9999978954,-150400.00000391336,Grassland_and_Shrubland,moderate,1.06293066628886
3218,36MTD,900062.7512296877,-184498.61745336922,Grassland_and_Shrubland,complex,1.3258576499207144
3219,35MRU,892939.9999978954,-190720.00000391336,Grassland_and_Shrubland,complex,1.4172314268816135
3220,36MTD,895582.7512296877,-155378.61745336925,Grassland_and_Shrubland,complex,1.2846004343385955
3221,35MRU,895179.9999978954,-143680.00000391336,Grassland_and_Shrubland,complex,1.3730417368855647
3222,35MRU,850379.9999978954,-157120.00000391336,Grassland_and_Shrubland,complex,1.2142309730879974
3223,35MRU,852619.9999978954,-159360.00000391336,Grassland_and_Shrubland,complex,1.4450982902218006
3224,36MTD,900062.7512296877,-182258.61745336922,Grassland_and_Shrubland,complex,1.2344684746389976
3225,36MTD,895582.7512296877,-144178.61745336925,Grassland_and_Shrubland,complex,1.4121193217866481
3226,35MRU,868299.9999978954,-172800.00000391336,Grassland_and_Shrubland,complex,1.3230646655491143
3227,35MQU,754839.9999682134,-179520.00004559453,Grassland_and_Shrubland,complex,1.20172913907923
3228,35MRU,845899.9999978954,-157120.00000391336,Grassland_and_Shrubland,complex,1.3033736898738857
3229,35MRU,895179.9999978954,-145920.00000391336,Grassland_and_Shrubland,complex,1.4044904185314688
3230,35MRU,845899.9999978954,-154880.00000391336,Grassland_and_Shrubland,complex,1.2884153917182177
3231,35MRU,872779.9999978954,-163840.00000391336,Grassland_and_Shrubland,complex,1.324663354362104
3232,35MRU,857099.9999978954,-150400.00000391336,Grassland_and_Shrubland,complex,1.437627330364766
3233,36MTD,895582.7512296877,-164338.61745336925,Grassland_and_Shrubland,complex,1.2912580764538857
3234,35MRT,852619.9999791873,-234740.0000302978,Grassland_and_Shrubland,complex,1.3273874541803143
3235,35MRT,854859.9999791873,-236980.0000302978,Grassland_and_Shrubland,complex,1.366540310775044
3236,36MTD,895582.7512296877,-141938.61745336925,Grassland_and_Shrubland,complex,1.2823209622346994
3237,35MRU,841419.9999978954,-152640.00000391336,Grassland_and_Shrubland,complex,1.3047583216672767
3238,36MTD,891102.7512296877,-130738.61745336924,Grassland_and_Shrubland,complex,1.2324494390877139
3239,36MTD,895582.7512296877,-137458.61745336925,Grassland_and_Shrubland,complex,1.4338521097354955
3240,36MTC,922033.0706216183,-210835.10640709675,Grassland_and_Shrubland,complex,1.4644821732641295
3241,36MTD,904542.7512296877,-186738.61745336922,Grassland_and_Shrubland,complex,1.2504216328758613
3242,36MTD,891102.7512296877,-175538.61745336922,Grassland_and_Shrubland,complex,1.4026127254759826
3243,35MRU,850379.9999978954,-159360.00000391336,Grassland_and_Shrubland,complex,1.3925299585487836
3244,35MRU,854859.9999978954,-166080.00000391336,Grassland_and_Shrubland,complex,1.3078529936314776
3245,35MRU,888459.9999978954,-128000.00000391334,Grassland_and_Shrubland,complex,1.2437183424819311
3246,36MTD,873182.7512296876,-164338.61745336925,Grassland_and_Shrubland,complex,1.2458354329128984
3247,35MRU,848139.9999978954,-159360.00000391336,Grassland_and_Shrubland,complex,1.4801780467604768
3248,35MQT,757079.9999618995,-221300.0000075382,Waterbody,homogeneous,3.954049410686441e-05
3249,35MPT,708639.9999501455,-270579.9999929683,Waterbody,homogeneous,0.03794512706290227
3250,35MQT,750359.9999618995,-212340.0000075382,Waterbody,homogeneous,0.0007416895800651953
3251,35MQT,759319.9999618995,-225780.0000075382,Waterbody,homogeneous,0.0672909624250718
3252,35MQT,741399.9999618995,-243700.0000075382,Waterbody,homogeneous,0.010213975669412479
3253,35MQT,757079.9999618995,-228020.0000075382,Waterbody,homogeneous,0.15016767387414706
3254,35MQT,730199.9999618995,-259380.0000075382,Waterbody,homogeneous,0.4764749875601873
3255,36MTC,924273.0706216183,-204115.10640709675,Waterbody,homogeneous,0.35396958355953895
3256,35MQT,712279.9999618995,-261620.0000075382,Waterbody,homogeneous,0.4583104416832302
3257,35MQT,736919.9999618995,-252660.0000075382,Waterbody,homogeneous,0.1409424612582723
3258,35MRU,807819.9999978954,-161600.00000391336,Waterbody,homogeneous,0.3961844934278209
3259,35MQT,761559.9999618995,-225780.0000075382,Waterbody,homogeneous,0.3989106614988835
3260,36MTC,922033.0706216183,-264595.1064070968,Waterbody,homogeneous,0.27583232261638435
3261,35MQU,752599.9999682134,-201920.00004559453,Waterbody,homogeneous,0.13221967816450594
3262,36MTC,922033.0706216183,-208595.10640709675,Waterbody,homogeneous,0.29378242234692364
3263,35MRT,868299.9999791873,-234740.0000302978,Waterbody,homogeneous,0.49796294404696523
3264,36MTD,909022.7512296877,-164338.61745336925,Waterbody,homogeneous,0.4689064985948914
3265,36MTC,915313.0706216183,-210835.10640709675,Waterbody,homogeneous,0.4605648196367701
3266,35MRU,904139.9999978954,-150400.00000391336,Waterbody,homogeneous,0.4999471693131035
3267,35MQU,810839.9999682134,-159360.00004559453,Waterbody,homogeneous,0.39820612338015493
3268,35MQT,730199.9999618995,-261620.0000075382,Waterbody,homogeneous,0.22388491228583818
3269,36MTC,919793.0706216183,-208595.10640709675,Waterbody,homogeneous,0.32811348945419994
3270,35MQT,718999.9999618995,-263860.0000075382,Waterbody,homogeneous,0.3833478315617816
3271,35MRT,872779.9999791873,-261620.0000302978,Waterbody,homogeneous,0.009640146775525594
3272,35MQU,750359.9999682134,-190720.00004559453,Waterbody,homogeneous,0.20734700688742577
3273,36MTC,917553.0706216183,-230995.10640709678,Waterbody,homogeneous,0.2769139577027725
3274,35MRT,861579.9999791873,-263860.0000302978,Waterbody,homogeneous,0.13869164995147373
3275,35MRU,901899.9999978954,-148160.00000391336,Waterbody,homogeneous,0.4332719159650041
3276,35MQT,741399.9999618995,-248180.0000075382,Waterbody,homogeneous,0.20157575077911605
3277,35MQU,808599.9999682134,-159360.00004559453,Waterbody,homogeneous,0.07071171791746056
3278,35MRU,906379.9999978954,-152640.00000391336,Waterbody,homogeneous,0.402748364335231
3279,36MTD,924702.7512296877,-204658.61745336922,Waterbody,homogeneous,0.3524378900748132
3280,35MQT,723479.9999618995,-254900.0000075382,Waterbody,homogeneous,0.00910503476248536
3281,35MRU,807819.9999978954,-159360.00000391336,Waterbody,homogeneous,0.15188468818897932
3282,35MRU,810059.9999978954,-159360.00000391336,Waterbody,homogeneous,0.22165435362156213
3283,35MQT,743639.9999618995,-241460.0000075382,Waterbody,homogeneous,0.17087260736073065
3284,36MTC,919793.0706216183,-204115.10640709675,Waterbody,homogeneous,0.012152685889932156
3285,35MQT,752599.9999618995,-201140.0000075382,Waterbody,homogeneous,0.3253774723976689
3286,35MRT,868299.9999791873,-257140.0000302978,Waterbody,homogeneous,0.36734723149887477
3287,35MQT,736919.9999618995,-250420.0000075382,Waterbody,homogeneous,0.058474107499396716
3288,36MTD,917982.7512296877,-209138.61745336922,Waterbody,homogeneous,0.4484153056798257
3289,35MQT,707799.9999618995,-268340.0000075382,Waterbody,homogeneous,4.7339986340891865e-06
3290,35MQT,741399.9999618995,-245940.0000075382,Waterbody,homogeneous,0.18033523780947674
3291,35MQU,808599.9999682134,-161600.00004559453,Waterbody,homogeneous,0.3904295913517615
3292,35MQT,725719.9999618995,-252660.0000075382,Waterbody,homogeneous,0.16895016472792124
3293,36MTC,919793.0706216183,-206355.10640709675,Waterbody,homogeneous,0.041022085817657435
3294,35MQT,721239.9999618995,-261620.0000075382,Waterbody,homogeneous,0.11836387541072836
3295,35MQU,804119.9999682134,-166080.00004559453,Waterbody,homogeneous,0.41961850496046316
3296,36MTC,926513.0706216183,-262355.1064070968,Waterbody,homogeneous,0.4754527778871861
3297,35MRU,908619.9999978954,-152640.00000391336,Waterbody,homogeneous,0.014618543377035241
3298,35MRT,870539.9999791873,-257140.0000302978,Waterbody,homogeneous,0.4585489559725663
3299,36MTD,922462.7512296877,-209138.61745336922,Waterbody,homogeneous,0.3340097245174234
3300,35MQT,739159.9999618995,-212340.0000075382,Waterbody,homogeneous,0.41125462264786933
3301,35MQT,754839.9999618995,-221300.0000075382,Waterbody,homogeneous,0.015410149854629256
3302,35MRT,841419.9999791873,-266100.0000302978,Waterbody,homogeneous,0.2865355369296756
3303,35MQT,754839.9999618995,-223540.0000075382,Waterbody,homogeneous,0.038545698634645194
3304,35MRT,872779.9999791873,-245940.0000302978,Waterbody,homogeneous,0.4487189991832295
3305,35MQT,752599.9999618995,-207860.0000075382,Waterbody,homogeneous,0.019146024129258053
3306,35MRT,868299.9999791873,-259380.0000302978,Waterbody,homogeneous,0.05933490222223545
3307,36MTD,920222.7512296877,-202418.61745336922,Waterbody,homogeneous,0.29450659026653647
3308,35MRU,908619.9999978954,-163840.00000391336,Waterbody,homogeneous,0.41556874943300554
3309,35MQT,732439.9999618995,-257140.0000075382,Waterbody,homogeneous,0.3194479546835122
3310,35MQT,759319.9999618995,-221300.0000075382,Waterbody,homogeneous,0.11295424429351061
3311,36MTD,913502.7512296877,-168818.61745336925,Waterbody,homogeneous,0.36630687217637914
3312,36MTC,868273.0706216183,-260115.10640709678,Waterbody,homogeneous,0.07674491575899511
3313,36MTC,917553.0706216183,-210835.10640709675,Waterbody,homogeneous,0.12841744535501445
3314,36MTC,924273.0706216183,-206355.10640709675,Waterbody,homogeneous,0.23447388028072852
3315,35MQU,808599.9999682134,-163840.00004559453,Waterbody,homogeneous,0.398278270092298
3316,35MQT,757079.9999618995,-223540.0000075382,Waterbody,homogeneous,0.20338151116161257
3317,35MPT,708639.9999501455,-268339.9999929683,Waterbody,homogeneous,0.3181806663290385
3318,35MRU,810059.9999978954,-161600.00000391336,Waterbody,homogeneous,0.4816985842520376
3319,35MQT,750359.9999618995,-232500.0000075382,Waterbody,homogeneous,0.22453581030051079
3320,35MPT,710879.9999501455,-263859.9999929683,Waterbody,homogeneous,0.2628393146454313
3321,35MQT,752599.9999618995,-230260.0000075382,Waterbody,homogeneous,0.1079321380629857
3322,35MQT,745879.9999618995,-239220.0000075382,Waterbody,homogeneous,0.3193624650537551
3323,36MTC,868273.0706216183,-257875.10640709678,Waterbody,homogeneous,0.0003481883992548324
3324,36MTC,924273.0706216183,-201875.10640709675,Waterbody,homogeneous,0.16788996778356474
3325,35MQT,739159.9999618995,-250420.0000075382,Waterbody,homogeneous,0.14049501048890867
3326,35MRU,807819.9999978954,-157120.00000391336,Waterbody,homogeneous,0.236448359115345
3327,35MRT,872779.9999791873,-239220.0000302978,Waterbody,moderate,1.005676680451683
3328,35MQU,752599.9999682134,-199680.00004559453,Waterbody,moderate,0.6545409957459334
3329,35MQT,739159.9999618995,-214580.0000075382,Waterbody,moderate,0.5027906395076073
3330,35MQT,754839.9999618995,-214580.0000075382,Waterbody,moderate,0.6031119787024262
3331,36MTD,909022.7512296877,-157618.61745336925,Waterbody,moderate,0.7418649872921623
3332,35MRT,875019.9999791873,-261620.0000302978,Waterbody,moderate,0.6654252894842625
3333,35MRU,810059.9999978954,-157120.00000391336,Waterbody,moderate,1.0848214581299327
3334,36MTC,922033.0706216183,-224275.10640709678,Waterbody,moderate,0.7565263979212067
3335,36MTC,868273.0706216183,-235475.10640709678,Waterbody,moderate,0.8426555020256529
3336,35MQT,752599.9999618995,-232500.0000075382,Waterbody,moderate,1.1430662732644876
3337,36MTC,915313.0706216183,-226515.10640709678,Waterbody,moderate,0.8247110363811994
3338,35MQT,752599.9999618995,-212340.0000075382,Waterbody,moderate,0.5590895130373219
3339,35MRU,807819.9999978954,-170560.00000391336,Waterbody,moderate,0.8195167123276622
3340,35MQT,710039.9999618995,-286260.0000075382,Waterbody,moderate,0.875614648005885
3341,36MTC,915313.0706216183,-213075.10640709675,Waterbody,moderate,0.5114625370584096
3342,36MTC,917553.0706216183,-213075.10640709675,Waterbody,moderate,0.7515237766473826
3343,35MQT,761559.9999618995,-228020.0000075382,Waterbody,moderate,1.1919657627277795
3344,35MRU,908619.9999978954,-159360.00000391336,Waterbody,moderate,0.8108467252864111
3345,36MTC,883953.0706216183,-204115.10640709675,Waterbody,moderate,1.118612806591281
3346,36MTC,870513.0706216183,-233235.10640709678,Waterbody,moderate,0.8427977790019135
3347,35MQT,739159.9999618995,-252660.0000075382,Waterbody,moderate,0.8033859334372193
3348,35MQT,714519.9999618995,-261620.0000075382,Waterbody,moderate,0.7086553423159586
3349,36MTD,915742.7512296877,-168818.61745336925,Waterbody,moderate,0.9241537966670117
3350,35MQT,716759.9999618995,-263860.0000075382,Waterbody,moderate,0.6373533094425787
3351,36MTD,917982.7512296877,-188978.61745336922,Waterbody,moderate,0.8479932837390526
3352,35MQU,806359.9999682134,-166080.00004559453,Waterbody,moderate,0.8873456355049627
3353,35MRU,810059.9999978954,-154880.00000391336,Waterbody,moderate,1.1373999112091222
3354,35MRU,908619.9999978954,-166080.00000391336,Waterbody,moderate,0.7133874890460375
3355,35MQU,808599.9999682134,-154880.00004559453,Waterbody,moderate,0.6971220539169859
3356,35MPT,710879.9999501455,-270579.9999929683,Waterbody,moderate,1.1993744538630107
3357,35MQT,723479.9999618995,-257140.0000075382,Waterbody,moderate,0.553174767053594
3358,35MQU,752599.9999682134,-195200.00004559453,Waterbody,moderate,0.6703072445433622
3359,35MRT,843659.9999791873,-268340.0000302978,Waterbody,moderate,0.6639938768082774
3360,35MQT,750359.9999618995,-236980.0000075382,Waterbody,moderate,0.5861173475334905
3361,35MRU,807819.9999978954,-154880.00000391336,Waterbody,moderate,1.1908328278119962
3362,36MTD,909022.7512296877,-162098.61745336925,Waterbody,moderate,0.9462687513166697
3363,36MTC,874993.0706216183,-248915.10640709678,Waterbody,moderate,1.0320267890547001
3364,35MQT,734679.9999618995,-257140.0000075382,Waterbody,moderate,1.148457346203452
3365,35MRU,906379.9999978954,-163840.00000391336,Waterbody,moderate,1.0500228105497718
3366,35MQT,743639.9999618995,-243700.0000075382,Waterbody,moderate,0.53220683752788
3367,35MQU,804119.9999682134,-168320.00004559453,Waterbody,moderate,1.1458580110924297
3368,35MRU,807819.9999978954,-168320.00000391336,Waterbody,moderate,0.9063027768629355
3369,36MTC,915313.0706216183,-215315.10640709675,Waterbody,moderate,0.6158514951498684
3370,35MQT,754839.9999618995,-230260.0000075382,Waterbody,moderate,0.8391267090619787
3371,35MRU,803339.9999978954,-166080.00000391336,Waterbody,moderate,0.6019276782317087
3372,36MTD,917982.7512296877,-204658.61745336922,Waterbody,moderate,1.0765962065964687
3373,35MQT,714519.9999618995,-263860.0000075382,Waterbody,moderate,1.1716554795554923
3374,35MQT,757079.9999618995,-230260.0000075382,Waterbody,moderate,0.665771759779674
3375,35MRU,807819.9999978954,-163840.00000391336,Waterbody,moderate,0.930346283430526
3376,35MQT,750359.9999618995,-234740.0000075382,Waterbody,moderate,1.0242138867590345
3377,36MTD,913502.7512296877,-184498.61745336922,Waterbody,moderate,0.897567951902847
3378,35MQT,752599.9999618995,-210100.0000075382,Waterbody,moderate,0.9508186817898769
3379,36MTC,917553.0706216183,-228755.10640709678,Waterbody,moderate,1.19979633343728
3380,36MTD,924702.7512296877,-206898.61745336922,Waterbody,moderate,0.5795773905535785
3381,35MRT,870539.9999791873,-232500.0000302978,Waterbody,moderate,0.5907225707883949
3382,35MQT,710039.9999618995,-272820.0000075382,Waterbody,moderate,0.5472140490903384
3383,35MRU,810059.9999978954,-163840.00000391336,Waterbody,moderate,0.7754267086805545
3384,35MRU,870539.9999978954,-206400.00000391336,Waterbody,moderate,1.1544097058825575
3385,35MQU,752599.9999682134,-208640.00004559453,Waterbody,moderate,0.5341228545959245
3386,35MQU,810839.9999682134,-161600.00004559453,Waterbody,moderate,0.7171046963954979
3387,35MQT,759319.9999618995,-219060.0000075382,Waterbody,moderate,1.1863706434019097
3388,35MQT,734679.9999618995,-254900.0000075382,Waterbody,moderate,0.7722017214143732
3389,36MTD,917982.7512296877,-191218.61745336922,Waterbody,moderate,0.6690902973715975
3390,35MQT,759319.9999618995,-228020.0000075382,Waterbody,moderate,0.7825707936214558
3391,36MTC,870513.0706216183,-206355.10640709675,Waterbody,moderate,1.159553154626425
3392,35MQT,710039.9999618995,-268340.0000075382,Waterbody,moderate,0.6144766794286034
3393,35MQU,752599.9999682134,-192960.00004559453,Waterbody,moderate,0.5672130962918779
3394,35MRU,883979.9999978954,-204160.00000391336,Waterbody,moderate,1.1189599878037733
3395,36MTC,919793.0706216183,-201875.10640709675,Waterbody,moderate,0.6473518617672558
3396,36MTD,906782.7512296877,-164338.61745336925,Waterbody,moderate,0.955408401042431
3397,35MQT,710039.9999618995,-266100.0000075382,Waterbody,moderate,0.7570893148407003
3398,35MQT,727959.9999618995,-259380.0000075382,Waterbody,moderate,0.7196869848281414
3399,36MTC,913073.0706216183,-226515.10640709678,Waterbody,moderate,1.028368727369142
3400,35MQT,710039.9999618995,-288500.0000075382,Waterbody,moderate,0.711408637273843
3401,35MQT,736919.9999618995,-254900.0000075382,Waterbody,moderate,1.0059019416520085
3402,35MQU,750359.9999682134,-188480.00004559453,Waterbody,moderate,0.6526293565692433
3403,35MRU,812299.9999978954,-159360.00000391336,Waterbody,moderate,1.084173799165205
3404,36MTC,917553.0706216183,-208595.10640709675,Waterbody,moderate,0.6830106104110827
3405,35MQT,710039.9999618995,-270580.0000075382,Waterbody,moderate,0.6301078299587602
3406,36MTC,870513.0706216183,-235475.10640709678,Waterbody,moderate,0.8832805181177804
3407,36MTD,906782.7512296877,-153138.61745336925,Waterbody,moderate,0.6660155258291759
3408,36MTD,909022.7512296877,-159858.61745336925,Waterbody,moderate,0.7557784901259106
3409,35MRT,872779.9999791873,-243700.0000302978,Waterbody,moderate,1.0324848549331456
3410,35MRT,839179.9999791873,-261620.0000302978,Waterbody,moderate,0.9964930286099347
3411,36MTD,915742.7512296877,-186738.61745336922,Waterbody,moderate,0.8290584141986849
3412,35MQU,806359.9999682134,-159360.00004559453,Waterbody,moderate,0.7047277482940083
3413,36MTD,875422.7512296876,-206898.61745336922,Waterbody,moderate,0.9843034697383612
3414,35MRT,883979.9999791873,-203380.00003029776,Waterbody,moderate,1.1627036892853921
3415,36MTD,920222.7512296877,-209138.61745336922,Waterbody,moderate,0.8111855833766903
3416,35MRU,908619.9999978954,-161600.00000391336,Waterbody,moderate,0.8732884313137088
3417,36MTD,915742.7512296877,-159858.61745336925,Waterbody,moderate,0.9804014729754622
3418,36MTC,874993.0706216183,-206355.10640709675,Waterbody,moderate,0.9543820061739309
3419,35MQU,752599.9999682134,-197440.00004559453,Waterbody,moderate,0.9360558328559214
3420,35MRT,877259.9999791873,-239220.0000302978,Waterbody,moderate,1.0731463519559243
3421,36MTC,874993.0706216183,-244435.10640709678,Waterbody,moderate,1.037036181447059
3422,35MQU,810839.9999682134,-163840.00004559453,Waterbody,moderate,0.9394461007450461
3423,36MTC,872753.0706216183,-244435.10640709678,Waterbody,moderate,0.7438973201839888
3424,36MTD,906782.7512296877,-162098.61745336925,Waterbody,moderate,0.690486489317615
3425,35MRT,875019.9999791873,-248180.0000302978,Waterbody,moderate,0.6950362503814976
3426,35MRU,877259.9999978954,-206400.00000391336,Waterbody,moderate,1.0983652988245611
3427,35MQT,754839.9999618995,-203380.0000075382,Waterbody,moderate,1.0640401551854168
3428,36MTD,915742.7512296877,-157618.61745336925,Waterbody,moderate,0.6745477380386264
3429,35MRT,877259.9999791873,-205620.00003029776,Waterbody,moderate,1.086619081932693
3430,35MRU,805579.9999978954,-166080.00000391336,Waterbody,moderate,0.8836885028576695
3431,36MTD,879902.7512296877,-204658.61745336922,Waterbody,moderate,1.064792271950596
3432,35MQT,761559.9999618995,-223540.0000075382,Waterbody,moderate,0.7817590917603765
3433,35MQT,752599.9999618995,-198900.0000075382,Waterbody,moderate,0.6423111300723546
3434,36MTC,924273.0706216183,-224275.10640709678,Waterbody,moderate,1.1927602937174109
3435,36MTD,913502.7512296877,-186738.61745336922,Waterbody,moderate,0.6128623344842752
3436,35MPT,710879.9999501455,-268339.9999929683,Waterbody,moderate,0.8064556808171844
3437,35MRT,866059.9999791873,-241460.0000302978,Waterbody,moderate,0.9066109340657759
3438,35MQT,743639.9999618995,-245940.0000075382,Waterbody,moderate,0.9501743641142384
3439,35MPT,710879.9999501455,-266099.9999929683,Waterbody,moderate,1.1646727074519243
3440,35MQT,748119.9999618995,-239220.0000075382,Waterbody,moderate,0.8662626350398448
3441,36MTC,919793.0706216183,-210835.10640709675,Waterbody,moderate,0.7479530510951985
3442,36MTC,917553.0706216183,-226515.10640709678,Waterbody,moderate,0.8596368373235617
3443,36MTD,909022.7512296877,-153138.61745336925,Waterbody,moderate,0.5187427038183826
3444,36MTC,872753.0706216183,-246675.10640709678,Waterbody,moderate,0.837857707807559
3445,36MTD,913502.7512296877,-157618.61745336925,Waterbody,moderate,0.7632302521083052
3446,35MRU,875019.9999978954,-206400.00000391336,Waterbody,moderate,0.948940967888142
3447,36MTC,872753.0706216183,-260115.10640709678,Waterbody,moderate,0.6170620459948206
3448,36MTC,868273.0706216183,-233235.10640709678,Waterbody,moderate,0.8379847219653651
3449,36MTD,915742.7512296877,-184498.61745336922,Waterbody,moderate,0.7681217025698204
3450,36MTD,924702.7512296877,-202418.61745336922,Waterbody,moderate,0.5102693297636539
3451,35MQT,741399.9999618995,-250420.0000075382,Waterbody,moderate,1.154600847899137
3452,35MRT,881739.9999791873,-203380.00003029776,Waterbody,moderate,1.1284134249275946
3453,35MRU,812299.9999978954,-161600.00000391336,Waterbody,moderate,1.1950367565671147
3454,36MTC,924273.0706216183,-226515.10640709678,Waterbody,moderate,0.6048132517016462
3455,35MQT,727959.9999618995,-254900.0000075382,Waterbody,moderate,0.7890463328118258
3456,36MTC,877233.0706216183,-206355.10640709675,Waterbody,moderate,1.0951384017187629
3457,36MTC,919793.0706216183,-224275.10640709678,Waterbody,moderate,0.7720583474073146
3458,35MRU,812299.9999978954,-163840.00000391336,Waterbody,complex,1.3792147380748383
3459,36MTC,877233.0706216183,-248915.10640709678,Waterbody,complex,1.211727314553829
3460,35MQT,727959.9999618995,-266100.0000075382,Waterbody,complex,1.2377074697907773
3461,35MQT,763799.9999618995,-225780.0000075382,Waterbody,complex,1.4340922006740322
3462,35MRU,805579.9999978954,-163840.00000391336,Waterbody,complex,1.3500439814136849
3463,35MRT,879499.9999791873,-205620.00003029776,Waterbody,complex,1.218447536431047
3464,35MQT,727959.9999618995,-257140.0000075382,Waterbody,complex,1.232423833241583
3465,35MRU,803339.9999978954,-168320.00000391336,Waterbody,complex,1.3752845015732684
3466,35MRT,868299.9999791873,-232500.0000302978,Waterbody,complex,1.2021424023567755
3467,35MQU,804119.9999682134,-163840.00004559453,Waterbody,complex,1.3908558310740071
3468,35MQU,806359.9999682134,-168320.00004559453,Waterbody,complex,1.3922167977175635
3469,35MQT,745879.9999618995,-243700.0000075382,Waterbody,complex,1.238710179988301
3470,35MQU,806359.9999682134,-170560.00004559453,Waterbody,complex,1.3302637116125737
3471,35MQT,757079.9999618995,-214580.0000075382,Waterbody,complex,1.233823541933707
3472,35MQU,806359.9999682134,-161600.00004559453,Waterbody,complex,1.208526302913794
3473,35MQT,752599.9999618995,-239220.0000075382,Waterbody,complex,1.2667828900722369
3474,35MRU,807819.9999978954,-166080.00000391336,Waterbody,complex,1.2960826825152618
3475,35MPT,710879.9999501455,-272819.9999929683,Waterbody,complex,1.385440805336789
3476,35MRT,877259.9999791873,-230260.0000302978,Waterbody,complex,1.2195361676219025
3477,35MQT,727959.9999618995,-263860.0000075382,Waterbody,complex,1.3682743033764349
3478,35MQT,754839.9999618995,-207860.0000075382,Waterbody,complex,1.4865517013192797
3479,35MQT,712279.9999618995,-266100.0000075382,Waterbody,complex,1.4037545905793098
3480,36MTC,879473.0706216183,-204115.10640709675,Waterbody,complex,1.2272216117905697
3481,35MQU,808599.9999682134,-166080.00004559453,Waterbody,complex,1.362162236487888
3482,35MQT,712279.9999618995,-263860.0000075382,Waterbody,complex,1.3238369357212023
3483,35MRU,805579.9999978954,-168320.00000391336,Waterbody,complex,1.3960901041744143
3484,35MRU,879499.9999978954,-204160.00000391336,Waterbody,complex,1.2066294796234112
3485,35MQT,723479.9999618995,-259380.0000075382,Waterbody,complex,1.302668346416532
3486,35MRU,812299.9999978954,-157120.00000391336,Waterbody,complex,1.3345179524202344
3487,35MRT,866059.9999791873,-261620.0000302978,Waterbody,complex,1.2228480556817176
3488,35MRU,805579.9999978954,-159360.00000391336,Waterbody,complex,1.244891930104407
3489,35MQT,754839.9999618995,-212340.0000075382,Waterbody,complex,1.3837808658728616
3490,35MQU,810839.9999682134,-157120.00004559453,Waterbody,complex,1.2982112817219729
3491,35MQU,806359.9999682134,-163840.00004559453,Waterbody,complex,1.4107552563770474
3492,35MQU,808599.9999682134,-170560.00004559453,Waterbody,complex,1.2688753578698893
3493,35MQT,743639.9999618995,-250420.0000075382,Waterbody,complex,1.48821296347126
3494,35MQU,754839.9999682134,-204160.00004559453,Waterbody,complex,1.2050328065235234
3495,35MRU,803339.9999978954,-163840.00000391336,Waterbody,complex,1.4328484146710143
3496,36MTD,884382.7512296877,-204658.61745336922,Waterbody,complex,1.2115038490094852
3497,36MTD,920222.7512296877,-184498.61745336922,Wetland,homogeneous,0.3633937835262097
3498,35MRT,863819.9999791873,-243700.0000302978,Wetland,homogeneous,0.22296100333952465
3499,36MTC,924273.0706216183,-199635.10640709675,Wetland,homogeneous,0.29893804709101734
3500,36MTC,933233.0706216183,-230995.10640709678,Wetland,homogeneous,0.3417417399693825
3501,36MTC,870513.0706216183,-246675.10640709678,Wetland,homogeneous,0.3817953448420238
3502,35MRT,830219.9999791873,-266100.0000302978,Wetland,homogeneous,0.043193676171286076
3503,36MTD,926942.7512296877,-206898.61745336922,Wetland,homogeneous,0.2594829065915747
3504,36MTC,879473.0706216183,-255635.10640709678,Wetland,homogeneous,0.13989794161718422
3505,36MTC,881713.0706216183,-253395.10640709678,Wetland,homogeneous,0.4720523345205408
3506,35MRT,863819.9999791873,-245940.0000302978,Wetland,homogeneous,0.399659114693239
3507,35MRU,908619.9999978954,-154880.00000391336,Wetland,homogeneous,0.3598711746747426
3508,36MTC,917553.0706216183,-264595.1064070968,Wetland,homogeneous,0.09359153189747288
3509,36MTC,930993.0706216183,-235475.10640709678,Wetland,homogeneous,0.39012338734120433
3510,36MTD,926942.7512296877,-204658.61745336922,Wetland,homogeneous,0.3061847105605097
3511,36MTD,870942.7512296876,-124018.61745336924,Wetland,homogeneous,0.10710784240349641
3512,36MTC,879473.0706216183,-257875.10640709678,Wetland,homogeneous,0.08851518753284635
3513,35MRT,870539.9999791873,-250420.0000302978,Wetland,homogeneous,0.28620963371691566
3514,36MTC,888433.0706216183,-264595.1064070968,Wetland,homogeneous,0.4060309809633387
3515,36MTD,924702.7512296877,-197938.61745336922,Wetland,homogeneous,5.24846211639597e-06
3516,36MTC,908593.0706216183,-266835.1064070968,Wetland,homogeneous,0.49165282000717436
3517,35MRT,830219.9999791873,-268340.0000302978,Wetland,homogeneous,0.027461530077504046
3518,36MTD,920222.7512296877,-173298.61745336925,Wetland,homogeneous,0.07396066304293787
3519,36MTD,915742.7512296877,-180018.61745336922,Wetland,homogeneous,0.24915329201731856
3520,36MTD,915742.7512296877,-166578.61745336925,Wetland,homogeneous,0.35617459457873074
3521,36MTC,870513.0706216183,-248915.10640709678,Wetland,homogeneous,0.16639136004222382
3522,35MRU,897419.9999978954,-145920.00000391336,Wetland,homogeneous,5.746100065665776e-05
3523,35MRT,825739.9999791873,-284020.0000302978,Wetland,homogeneous,0.012023241071536472
3524,35MRS,821260.0000135569,-305640.0000393959,Wetland,homogeneous,0.07609229112790718
3525,35MRT,870539.9999791873,-252660.0000302978,Wetland,homogeneous,0.1503331911039689
3526,36MTD,924702.7512296877,-209138.61745336922,Wetland,homogeneous,0.42964765027122964
3527,35MRT,875019.9999791873,-259380.0000302978,Wetland,homogeneous,0.024872476330132284
3528,36MTC,933233.0706216183,-228755.10640709678,Wetland,homogeneous,0.12735798525171138
3529,35MRT,883979.9999791873,-259380.0000302978,Wetland,homogeneous,0.32315779950841034
3530,35MRT,854859.9999791873,-228020.0000302978,Wetland,homogeneous,0.39828024371679294
3531,35MRT,830219.9999791873,-270580.0000302978,Wetland,homogeneous,0.091782357756901
3532,36MTC,930993.0706216183,-237715.10640709678,Wetland,homogeneous,0.3565785085835098
3533,36MTD,915742.7512296877,-177778.61745336922,Wetland,homogeneous,0.24956538586829463
3534,35MRT,910859.9999791873,-263860.0000302978,Wetland,homogeneous,0.0766809030185281
3535,36MTD,920222.7512296877,-175538.61745336922,Wetland,homogeneous,0.004368199134395307
3536,36MTD,924702.7512296877,-193458.61745336922,Wetland,homogeneous,0.025711923239890886
3537,36MTC,933233.0706216183,-233235.10640709678,Wetland,homogeneous,0.2105966501456722
3538,36MTC,874993.0706216183,-257875.10640709678,Wetland,homogeneous,0.01388730770074768
3539,35MQS,727959.9999815882,-303400.00004478084,Wetland,homogeneous,0.332900800712256
3540,36MTC,926513.0706216183,-219795.10640709678,Wetland,homogeneous,0.07888823122364268
3541,35MRT,870539.9999791873,-248180.0000302978,Wetland,homogeneous,0.2730356989008851
3542,35MRT,904139.9999791873,-266100.0000302978,Wetland,homogeneous,0.16627232837996864
3543,36MTC,926513.0706216183,-201875.10640709675,Wetland,homogeneous,0.45990248692992963
3544,35MRT,868299.9999791873,-248180.0000302978,Wetland,homogeneous,0.28634143481633756
3545,35MRT,870539.9999791873,-254900.0000302978,Wetland,homogeneous,0.273046910570902
3546,35MRT,866059.9999791873,-245940.0000302978,Wetland,homogeneous,0.00945691866589569
3547,36MTD,917982.7512296877,-171058.61745336925,Wetland,homogeneous,0.2368289924525477
3548,36MTC,883953.0706216183,-260115.10640709678,Wetland,homogeneous,0.39839126768954003
3549,35MRU,857099.9999978954,-139200.00000391336,Wetland,homogeneous,0.006530841944212025
3550,35MRT,845899.9999791873,-228020.0000302978,Wetland,homogeneous,0.291847882205327
3551,36MTC,930993.0706216183,-224275.10640709678,Wetland,homogeneous,0.28595357733025023
3552,35MRT,899659.9999791873,-268340.0000302978,Wetland,homogeneous,0.30344442614668177
3553,35MRT,866059.9999791873,-248180.0000302978,Wetland,homogeneous,0.46826336158288945
3554,36MTC,883953.0706216183,-257875.10640709678,Wetland,homogeneous,0.18856405841286636
3555,36MTC,924273.0706216183,-219795.10640709678,Wetland,homogeneous,0.3689769238317104
3556,36MTD,926942.7512296877,-186738.61745336922,Wetland,homogeneous,0.32881465554003725
3557,35MRU,899659.9999978954,-148160.00000391336,Wetland,homogeneous,0.06867386666529218
3558,35MRT,872779.9999791873,-257140.0000302978,Wetland,homogeneous,0.4254084069589208
3559,36MTD,915742.7512296877,-175538.61745336922,Wetland,homogeneous,0.06759956017510116
3560,36MTC,913073.0706216183,-262355.1064070968,Wetland,homogeneous,0.08751797024370542
3561,36MTD,926942.7512296877,-195698.61745336922,Wetland,homogeneous,0.25397874490126304
3562,35MRT,877259.9999791873,-257140.0000302978,Wetland,homogeneous,0.07883806489605528
3563,36MTC,924273.0706216183,-217555.10640709675,Wetland,homogeneous,0.20488309001702606
3564,36MTD,926942.7512296877,-182258.61745336922,Wetland,homogeneous,0.006373386617233906
3565,36MTC,877233.0706216183,-257875.10640709678,Wetland,homogeneous,0.12010354859206042
3566,36MTD,926942.7512296877,-191218.61745336922,Wetland,homogeneous,0.49660059464891815
3567,36MTD,926942.7512296877,-200178.61745336922,Wetland,homogeneous,0.11519571068826828
3568,36MTC,868273.0706216183,-244435.10640709678,Wetland,homogeneous,0.456612700510357
3569,35MRT,814539.9999791873,-308660.0000302978,Wetland,homogeneous,0.4158121390352557
3570,36MTC,926513.0706216183,-217555.10640709675,Wetland,homogeneous,0.25196424776603477
3571,36MTD,915742.7512296877,-182258.61745336922,Wetland,homogeneous,0.47942968030979977
3572,35MRU,906379.9999978954,-157120.00000391336,Wetland,homogeneous,0.32661416361124607
3573,35MRT,879499.9999791873,-254900.0000302978,Wetland,homogeneous,0.4796082998584602
3574,36MTC,915313.0706216183,-262355.1064070968,Wetland,homogeneous,0.18809453318742891
3575,35MRT,879499.9999791873,-257140.0000302978,Wetland,homogeneous,0.05395081675638727
3576,36MTD,924702.7512296877,-177778.61745336922,Wetland,homogeneous,0.31426146833884494
3577,35MRT,821259.9999791873,-306420.0000302978,Wetland,homogeneous,0.3505816274292866
3578,35MRU,823499.9999978954,-168320.00000391336,Wetland,homogeneous,0.49870031606962856
3579,36MTC,890673.0706216183,-266835.1064070968,Wetland,homogeneous,0.1522254561761579
3580,36MTC,928753.0706216183,-248915.10640709678,Wetland,homogeneous,0.008901067985763648
3581,36MTC,926513.0706216183,-222035.10640709678,Wetland,homogeneous,0.19755100433623068
3582,36MTD,922462.7512296877,-175538.61745336922,Wetland,homogeneous,0.09653870452627293
3583,36MTD,924702.7512296877,-182258.61745336922,Wetland,homogeneous,0.32628292558972705
3584,35MRT,825739.9999791873,-292980.0000302978,Wetland,homogeneous,0.4004378273474565
3585,35MRT,830219.9999791873,-259380.0000302978,Wetland,homogeneous,0.006141334962411283
3586,36MTD,913502.7512296877,-177778.61745336922,Wetland,homogeneous,0.47539404277904346
3587,36MTD,917982.7512296877,-180018.61745336922,Wetland,homogeneous,0.11502516725931625
3588,35MRS,819020.0000135569,-305640.0000393959,Wetland,homogeneous,0.043503062371760395
3589,35MRT,861579.9999791873,-241460.0000302978,Wetland,homogeneous,0.41097003905332985
3590,35MRT,897419.9999791873,-268340.0000302978,Wetland,homogeneous,0.07149212921062476
3591,36MTC,904113.0706216183,-266835.1064070968,Wetland,homogeneous,0.06755845718330541
3592,36MTD,920222.7512296877,-171058.61745336925,Wetland,homogeneous,0.31437581705342876
3593,35MRT,819019.9999791873,-306420.0000302978,Wetland,homogeneous,0.026814981945213187
3594,36MTD,893342.7512296877,-132978.61745336925,Wetland,homogeneous,0.08181234686481487
3595,35MRS,816780.0000135569,-307880.0000393959,Wetland,homogeneous,0.08592374757384323
3596,36MTD,922462.7512296877,-177778.61745336922,Wetland,homogeneous,0.04405879138726668
3597,36MTC,870513.0706216183,-251155.10640709678,Wetland,homogeneous,0.3347666350395836
3598,35MRU,906379.9999978954,-154880.00000391336,Wetland,homogeneous,0.12932331049684084
3599,36MTD,906782.7512296877,-159858.61745336925,Wetland,homogeneous,0.04585376718985112
3600,35MRU,897419.9999978954,-143680.00000391336,Wetland,homogeneous,0.008662260644465488
3601,36MTD,906782.7512296877,-157618.61745336925,Wetland,homogeneous,0.2987983277735433
3602,36MTC,874993.0706216183,-255635.10640709678,Wetland,homogeneous,0.16087479906306248
3603,36MTD,926942.7512296877,-184498.61745336922,Wetland,homogeneous,0.11241076260335958
3604,36MTC,922033.0706216183,-199635.10640709675,Wetland,homogeneous,0.4679718377580144
3605,36MTD,926942.7512296877,-197938.61745336922,Wetland,homogeneous,0.0007794452834693996
3606,36MTC,928753.0706216183,-244435.10640709678,Wetland,homogeneous,0.01977007813618148
3607,35MRT,908619.9999791873,-266100.0000302978,Wetland,homogeneous,0.31686673420024397
3608,36MTC,872753.0706216183,-253395.10640709678,Wetland,homogeneous,0.29338894959033596
3609,36MTC,928753.0706216183,-246675.10640709678,Wetland,homogeneous,0.012528786765876583
3610,35MRU,901899.9999978954,-152640.00000391336,Wetland,homogeneous,0.4315707236257354
3611,36MTC,928753.0706216183,-251155.10640709678,Wetland,homogeneous,0.09208865506891956
3612,36MTD,924702.7512296877,-195698.61745336922,Wetland,homogeneous,7.720712246081418e-06
3613,35MRT,866059.9999791873,-257140.0000302978,Wetland,homogeneous,0.2896986153459324
3614,36MTC,872753.0706216183,-255635.10640709678,Wetland,homogeneous,0.1474009772233561
3615,36MTC,910833.0706216183,-264595.1064070968,Wetland,homogeneous,0.12259676712443349
3616,35MRT,875019.9999791873,-257140.0000302978,Wetland,homogeneous,0.008844027142735047
3617,36MTD,926942.7512296877,-193458.61745336922,Wetland,homogeneous,0.34202995026155636
3618,36MTC,874993.0706216183,-260115.10640709678,Wetland,homogeneous,0.42756467754968824
3619,36MTC,877233.0706216183,-255635.10640709678,Wetland,homogeneous,0.41761640802203115
3620,36MTD,924702.7512296877,-184498.61745336922,Wetland,homogeneous,0.06467325901229096
3621,35MRT,895179.9999791873,-268340.0000302978,Wetland,homogeneous,0.1470829025493911
3622,35MRT,870539.9999791873,-245940.0000302978,Wetland,homogeneous,0.2948150285288323
3623,36MTD,909022.7512296877,-155378.61745336925,Wetland,homogeneous,7.089579451198205e-06
3624,36MTD,926942.7512296877,-202418.61745336922,Wetland,homogeneous,0.16490365944826835
3625,35MQT,808599.9999618995,-308660.0000075382,Wetland,homogeneous,0.12787491367340756
3626,36MTC,868273.0706216183,-246675.10640709678,Wetland,homogeneous,0.0679019119146688
3627,36MTD,924702.7512296877,-180018.61745336922,Wetland,homogeneous,0.0708577476284613
3628,36MTD,902302.7512296877,-153138.61745336925,Wetland,homogeneous,0.3112009870328817
3629,36MTC,933233.0706216183,-226515.10640709678,Wetland,homogeneous,0.46451057830865067
3630,36MTD,917982.7512296877,-168818.61745336925,Wetland,homogeneous,0.3848377591626205
3631,36MTC,926513.0706216183,-199635.10640709675,Wetland,homogeneous,2.9717404557651546e-05
3632,36MTC,908593.0706216183,-264595.1064070968,Wetland,homogeneous,0.41976770261621255
3633,36MTD,922462.7512296877,-180018.61745336922,Wetland,homogeneous,0.24553162764014508
3634,36MTD,926942.7512296877,-180018.61745336922,Wetland,homogeneous,0.3059025355284658
3635,35MRT,863819.9999791873,-236980.0000302978,Wetland,homogeneous,0.313944972127853
3636,36MTC,901873.0706216183,-266835.1064070968,Wetland,homogeneous,0.15702053295279844
3637,36MTD,906782.7512296877,-155378.61745336925,Wetland,homogeneous,0.10022471594565514
3638,35MRT,834699.9999791873,-234740.0000302978,Wetland,homogeneous,0.3626683172630497
3639,36MTC,928753.0706216183,-222035.10640709678,Wetland,homogeneous,0.13733517880793006
3640,36MTD,897822.7512296877,-146418.61745336925,Wetland,homogeneous,3.911632474866436e-05
3641,35MRS,821260.0000135569,-303400.0000393959,Wetland,moderate,0.6992402395051618
3642,36MTD,917982.7512296877,-202418.61745336922,Wetland,moderate,0.6023704051258605
3643,35MRT,866059.9999791873,-254900.0000302978,Wetland,moderate,0.8870667291398774
3644,36MTD,911262.7512296877,-155378.61745336925,Wetland,moderate,0.6879653779276907
3645,35MRU,890699.9999978954,-128000.00000391334,Wetland,moderate,0.9816568780211772
3646,35MRU,872779.9999978954,-166080.00000391336,Wetland,moderate,1.1677521092927305
3647,35MRT,821259.9999791873,-304180.0000302978,Wetland,moderate,0.7213969940597964
3648,35MRT,901899.9999791873,-266100.0000302978,Wetland,moderate,0.5836977254681489
3649,35MRT,877259.9999791873,-254900.0000302978,Wetland,moderate,0.7439789501765242
3650,36MTC,897393.0706216183,-266835.1064070968,Wetland,moderate,0.5547795590383326
3651,36MTD,900062.7512296877,-148658.61745336925,Wetland,moderate,0.6117333297440157
3652,36MTC,930993.0706216183,-226515.10640709678,Wetland,moderate,0.6570941655370343
3653,36MTC,886193.0706216183,-262355.1064070968,Wetland,moderate,0.7262120444749448
3654,35MRT,872779.9999791873,-252660.0000302978,Wetland,moderate,0.825460269692878
3655,36MTD,891102.7512296877,-128498.61745336924,Wetland,moderate,1.1219756219887924
3656,36MTC,928753.0706216183,-242195.10640709678,Wetland,moderate,0.7430846278126897
3657,36MTD,911262.7512296877,-157618.61745336925,Wetland,moderate,1.0217737295690614
3658,35MRT,823499.9999791873,-284020.0000302978,Wetland,moderate,0.8102145284573609
3659,35MRT,836939.9999791873,-236980.0000302978,Wetland,moderate,0.8200886614372535
3660,36MTD,902302.7512296877,-148658.61745336925,Wetland,moderate,1.0540713334871565
3661,35MRU,827979.9999978954,-172800.00000391336,Wetland,moderate,1.0495356902804225
3662,36MTD,922462.7512296877,-186738.61745336922,Wetland,moderate,0.53240050362157
3663,36MTD,924702.7512296877,-200178.61745336922,Wetland,moderate,0.5678649925936374
3664,36MTD,915742.7512296877,-173298.61745336925,Wetland,moderate,0.6675271158736815
3665,36MTC,906353.0706216183,-266835.1064070968,Wetland,moderate,0.7736727904066841
3666,35MRU,861579.9999978954,-159360.00000391336,Wetland,moderate,1.0347125911691029
3667,35MRT,830219.9999791873,-254900.0000302978,Wetland,moderate,0.6913685288046479
3668,35MRT,827979.9999791873,-277300.0000302978,Wetland,moderate,0.5286952133398833
3669,36MTD,873182.7512296876,-162098.61745336925,Wetland,moderate,1.194225778523187
3670,35MRT,823499.9999791873,-301940.0000302978,Wetland,moderate,0.7158458200346984
3671,35MRT,852619.9999791873,-223540.0000302978,Wetland,moderate,0.8740480774923014
3672,36MTC,881713.0706216183,-255635.10640709678,Wetland,moderate,1.0931835136522308
3673,36MTC,924273.0706216183,-213075.10640709675,Wetland,moderate,0.7929957337482794
3674,35MRU,821259.9999978954,-166080.00000391336,Wetland,moderate,0.9910984863413207
3675,35MRT,868299.9999791873,-252660.0000302978,Wetland,moderate,1.0530762530164486
3676,36MTD,920222.7512296877,-195698.61745336922,Wetland,moderate,0.9951855006737398
3677,36MTD,868702.7512296876,-144178.61745336925,Wetland,moderate,0.9058949568204059
3678,36MTC,915313.0706216183,-260115.10640709678,Wetland,moderate,1.0638428956547938
3679,35MRU,823499.9999978954,-166080.00000391336,Wetland,moderate,0.7965853451149707
3680,35MRT,897419.9999791873,-266100.0000302978,Wetland,moderate,0.8810958877337846
3681,35MRU,832459.9999978954,-159360.00000391336,Wetland,moderate,1.0813124815820987
3682,36MTD,920222.7512296877,-200178.61745336922,Wetland,moderate,1.0230570705787363
3683,35MRT,861579.9999791873,-239220.0000302978,Wetland,moderate,0.7531792020942318
3684,35MRT,883979.9999791873,-257140.0000302978,Wetland,moderate,0.6286614888218778
3685,36MTC,926513.0706216183,-251155.10640709678,Wetland,moderate,0.8309661253251335
3686,35MRU,870539.9999978954,-123520.00000391334,Wetland,moderate,0.835064600603685
3687,35MRU,908619.9999978954,-157120.00000391336,Wetland,moderate,0.6106865232373294
3688,35MRU,823499.9999978954,-172800.00000391336,Wetland,moderate,0.8666843306210605
3689,35MRU,910859.9999978954,-157120.00000391336,Wetland,moderate,1.04525086867797
3690,36MTC,872753.0706216183,-257875.10640709678,Wetland,moderate,0.5289582760070128
3691,35MRT,832459.9999791873,-236980.0000302978,Wetland,moderate,1.0374745071223388
3692,35MRT,825739.9999791873,-277300.0000302978,Wetland,moderate,0.8951134768952697
3693,35MRT,866059.9999791873,-243700.0000302978,Wetland,moderate,1.1637428835748524
3694,35MRU,897419.9999978954,-152640.00000391336,Wetland,moderate,0.953997277453535
3695,35MRT,830219.9999791873,-257140.0000302978,Wetland,moderate,0.6676923503194918
3696,35MRT,825739.9999791873,-297460.0000302978,Wetland,moderate,0.7047521572870354
3697,36MTD,904542.7512296877,-159858.61745336925,Wetland,moderate,0.7988713071123088
3698,35MRU,823499.9999978954,-170560.00000391336,Wetland,moderate,0.5604171268294852
3699,36MTC,926513.0706216183,-206355.10640709675,Wetland,moderate,0.5777873734642573
3700,35MRT,866059.9999791873,-250420.0000302978,Wetland,moderate,0.8472615690550034
3701,35MQT,810839.9999618995,-306420.0000075382,Wetland,moderate,0.811361559179193
3702,36MTC,870513.0706216183,-244435.10640709678,Wetland,moderate,0.7120257818348121
3703,35MRT,854859.9999791873,-225780.0000302978,Wetland,moderate,1.0230807805018296
3704,36MTD,917982.7512296877,-182258.61745336922,Wetland,moderate,0.5725080221721212
3705,36MTD,870942.7512296876,-137458.61745336925,Wetland,moderate,0.826654894981469
3706,36MTC,881713.0706216183,-257875.10640709678,Wetland,moderate,0.7411126016592241
3707,35MRT,866059.9999791873,-259380.0000302978,Wetland,moderate,1.0433294240065343
3708,35MRU,870539.9999978954,-141440.00000391336,Wetland,moderate,1.1456897180353594
3709,36MTD,897822.7512296877,-148658.61745336925,Wetland,moderate,1.0851600388776483
3710,35MRT,830219.9999791873,-252660.0000302978,Wetland,moderate,0.8688726556059048
3711,35MRT,810059.9999791873,-306420.0000302978,Wetland,moderate,0.933948238273441
3712,35MRT,832459.9999791873,-243700.0000302978,Wetland,moderate,0.9366970475518579
3713,35MRT,830219.9999791873,-272820.0000302978,Wetland,moderate,0.6709019345908495
3714,35MRT,834699.9999791873,-230260.0000302978,Wetland,moderate,0.5967268779863192
3715,35MRT,890699.9999791873,-266100.0000302978,Wetland,moderate,1.1163043313309722
3716,35MRU,830219.9999978954,-175040.00000391336,Wetland,moderate,0.9810003545086515
3717,36MTC,899633.0706216183,-266835.1064070968,Wetland,moderate,0.5716638696538507
3718,35MRT,848139.9999791873,-225780.0000302978,Wetland,moderate,1.077539693419113
3719,35MRU,897419.9999978954,-148160.00000391336,Wetland,moderate,0.7051861883167556
3720,36MTD,870942.7512296876,-139698.61745336925,Wetland,moderate,0.9184322024201959
3721,35MRT,881739.9999791873,-257140.0000302978,Wetland,moderate,0.9005277949138222
3722,35MRT,834699.9999791873,-232500.0000302978,Wetland,moderate,0.675213485350478
3723,36MTC,908593.0706216183,-206355.10640709675,Wetland,moderate,0.9784281979460254
3724,35MRT,881739.9999791873,-252660.0000302978,Wetland,moderate,0.6816729047200271
3725,35MRU,908619.9999978954,-206400.00000391336,Wetland,moderate,0.969152814250827
3726,35MRT,827979.9999791873,-266100.0000302978,Wetland,moderate,0.8662690730694054
3727,36MTC,886193.0706216183,-255635.10640709678,Wetland,moderate,1.1678918279997013
3728,35MRU,872779.9999978954,-134720.00000391336,Wetland,moderate,0.9418292205912673
3729,35MRU,906379.9999978954,-161600.00000391336,Wetland,moderate,0.5834176004049685
3730,35MQT,725719.9999618995,-295220.0000075382,Wetland,moderate,0.8527337716541148
3731,35MRT,881739.9999791873,-254900.0000302978,Wetland,moderate,0.9973848155037162
3732,35MRT,839179.9999791873,-228020.0000302978,Wetland,moderate,0.9240702794610922
3733,36MTC,924273.0706216183,-210835.10640709675,Wetland,moderate,0.6461919109877552
3734,35MRU,897419.9999978954,-154880.00000391336,Wetland,moderate,0.8608308387519172
3735,35MRT,908619.9999791873,-207860.00003029776,Wetland,moderate,0.9560081269558087
3736,35MRT,899659.9999791873,-266100.0000302978,Wetland,moderate,0.9938430819797073
3737,36MTC,895153.0706216183,-253395.10640709678,Wetland,moderate,1.1812364859291964
3738,35MRT,832459.9999791873,-241460.0000302978,Wetland,moderate,0.8892350276525745
3739,36MTD,920222.7512296877,-188978.61745336922,Wetland,moderate,1.0443501126390475
3740,35MRT,861579.9999791873,-232500.0000302978,Wetland,moderate,1.0695512962047793
3741,35MRT,825739.9999791873,-281780.0000302978,Wetland,moderate,0.6732585440427746
3742,36MTC,883953.0706216183,-246675.10640709678,Wetland,moderate,1.149553759251184
3743,35MRU,872779.9999978954,-116800.00000391334,Wetland,moderate,0.6078523854039374
3744,35MRT,830219.9999791873,-248180.0000302978,Wetland,moderate,0.9322994026519986
3745,35MRS,825740.0000135569,-298920.0000393959,Wetland,moderate,0.5957340545805863
3746,36MTD,922462.7512296877,-188978.61745336922,Wetland,moderate,0.7160904801361334
3747,36MTD,897822.7512296877,-155378.61745336925,Wetland,moderate,0.9643636846185987
3748,35MRS,812300.0000135569,-307880.0000393959,Wetland,moderate,0.8213601091042858
3749,35MRT,827979.9999791873,-261620.0000302978,Wetland,moderate,0.726741864935265
3750,36MTC,868273.0706216183,-251155.10640709678,Wetland,moderate,1.097331712852633
3751,36MTD,920222.7512296877,-186738.61745336922,Wetland,moderate,0.8320436003478856
3752,36MTC,901873.0706216183,-264595.1064070968,Wetland,moderate,1.038496759199921
3753,35MQT,739159.9999618995,-272820.0000075382,Wetland,moderate,0.8322644376803064
3754,35MRT,830219.9999791873,-250420.0000302978,Wetland,moderate,0.8963327600373383
3755,35MRU,875019.9999978954,-116800.00000391334,Wetland,moderate,0.9497374249063384
3756,36MTC,922033.0706216183,-222035.10640709678,Wetland,moderate,1.0096085664433367
3757,35MRU,901899.9999978954,-150400.00000391336,Wetland,moderate,1.1207907095912448
3758,36MTC,917553.0706216183,-201875.10640709675,Wetland,moderate,0.9447676842752187
3759,35MRU,875019.9999978954,-161600.00000391336,Wetland,moderate,1.1915016975217863
3760,35MRS,823500.0000135569,-298920.0000393959,Wetland,moderate,0.8166177961190967
3761,35MRT,863819.9999791873,-257140.0000302978,Wetland,moderate,1.0024869403724583
3762,35MRU,908619.9999978954,-208640.00000391336,Wetland,moderate,1.1439342482629973
3763,36MTC,922033.0706216183,-219795.10640709678,Wetland,moderate,0.8918132001489628
3764,36MTD,875422.7512296876,-197938.61745336922,Wetland,moderate,1.102423076421341
3765,35MQT,723479.9999618995,-295220.0000075382,Wetland,moderate,1.095149617169478
3766,36MTD,913502.7512296877,-166578.61745336925,Wetland,moderate,0.9693902093124787
3767,36MTC,926513.0706216183,-224275.10640709678,Wetland,moderate,1.1512015844530756
3768,35MRT,868299.9999791873,-250420.0000302978,Wetland,moderate,0.7882382152169303
3769,36MTC,926513.0706216183,-204115.10640709675,Wetland,moderate,0.5576852024869625
3770,35MRT,863819.9999791873,-234740.0000302978,Wetland,moderate,0.9330117906548027
3771,35MRT,834699.9999791873,-221300.0000302978,Wetland,moderate,1.0635741062722768
3772,36MTC,883953.0706216183,-248915.10640709678,Wetland,moderate,0.6204410948236105
3773,35MRT,834699.9999791873,-236980.0000302978,Wetland,moderate,1.0423381721001619
3774,35MRU,904139.9999978954,-152640.00000391336,Wetland,moderate,0.5190833298964688
3775,35MRT,825739.9999791873,-279540.0000302978,Wetland,moderate,0.7899226460566485
3776,36MTD,904542.7512296877,-157618.61745336925,Wetland,moderate,1.0007148258437142
3777,36MTC,922033.0706216183,-215315.10640709675,Wetland,moderate,1.160184240014147
3778,35MRT,883979.9999791873,-248180.0000302978,Wetland,moderate,0.8865055815652756
3779,35MRT,832459.9999791873,-228020.0000302978,Wetland,moderate,1.189639264768805
3780,36MTD,924702.7512296877,-191218.61745336922,Wetland,moderate,0.7338750084090899
3781,35MRT,841419.9999791873,-228020.0000302978,Wetland,moderate,0.7821755696695235
3782,35MRU,821259.9999978954,-163840.00000391336,Wetland,moderate,0.724520671333139
3783,36MTC,926513.0706216183,-208595.10640709675,Wetland,moderate,0.5697418843861127
3784,35MRT,834699.9999791873,-223540.0000302978,Wetland,moderate,1.0309794255701534
3785,36MTC,904113.0706216183,-264595.1064070968,Wetland,moderate,0.9792235522580307
3786,35MQT,725719.9999618995,-292980.0000075382,Wetland,moderate,0.9005748571193877
3787,35MRU,863819.9999978954,-157120.00000391336,Wetland,moderate,0.9080146208589481
3788,35MRT,850379.9999791873,-223540.0000302978,Wetland,moderate,0.6878103452862699
3789,36MTC,868273.0706216183,-248915.10640709678,Wetland,moderate,0.543099293221295
3790,36MTD,913502.7512296877,-159858.61745336925,Wetland,moderate,0.9039616070605974
3791,36MTC,928753.0706216183,-239955.10640709678,Wetland,moderate,1.150601957266433
3792,36MTD,917982.7512296877,-184498.61745336922,Wetland,moderate,0.7334412096916496
3793,35MRT,843659.9999791873,-228020.0000302978,Wetland,moderate,0.5522141957789102
3794,35MRT,883979.9999791873,-250420.0000302978,Wetland,moderate,1.0598185287039852
3795,35MRT,832459.9999791873,-245940.0000302978,Wetland,moderate,0.7739344762035091
3796,35MRS,814540.0000135569,-307880.0000393959,Wetland,moderate,0.8483164335125792
3797,35MRU,870539.9999978954,-121280.00000391334,Wetland,moderate,1.065305692865191
3798,35MRT,908619.9999791873,-205620.00003029776,Wetland,moderate,1.1821282180562513
3799,35MRT,895179.9999791873,-252660.0000302978,Wetland,moderate,1.126664614697885
3800,36MTD,909022.7512296877,-206898.61745336922,Wetland,moderate,0.7698417243464732
3801,36MTD,913502.7512296877,-155378.61745336925,Wetland,moderate,0.6166901364925613
3802,35MRT,908619.9999791873,-263860.0000302978,Wetland,moderate,0.8603453715148466
3803,35MRS,816780.0000135569,-305640.0000393959,Wetland,moderate,0.9470879801613894
3804,35MRT,816779.9999791873,-306420.0000302978,Wetland,moderate,0.6504468254826035
3805,35MRT,861579.9999791873,-243700.0000302978,Wetland,moderate,1.1885414988619454
3806,36MTD,902302.7512296877,-150898.61745336925,Wetland,moderate,0.9581589260253699
3807,36MTC,868273.0706216183,-253395.10640709678,Wetland,moderate,0.5887879116696817
3808,35MRT,823499.9999791873,-299700.0000302978,Wetland,moderate,0.8271601948656362
3809,36MTC,928753.0706216183,-257875.10640709678,Wetland,moderate,1.159920617431817
3810,35MRT,872779.9999791873,-259380.0000302978,Wetland,moderate,0.6878485375346672
3811,36MTD,922462.7512296877,-193458.61745336922,Wetland,moderate,0.903683397685149
3812,36MTC,870513.0706216183,-255635.10640709678,Wetland,moderate,0.5470270166842486
3813,36MTD,875422.7512296876,-117298.61745336924,Wetland,moderate,1.1176514563996296
3814,36MTD,915742.7512296877,-164338.61745336925,Wetland,moderate,0.6760823692179752
3815,35MRT,863819.9999791873,-239220.0000302978,Wetland,moderate,1.0366969497646148
3816,35MRT,852619.9999791873,-225780.0000302978,Wetland,moderate,0.5130477346554208
3817,35MRU,868299.9999978954,-143680.00000391336,Wetland,moderate,0.9838297029414562
3818,35MRT,848139.9999791873,-228020.0000302978,Wetland,moderate,0.8663733008935008
3819,36MTD,870942.7512296876,-121778.61745336924,Wetland,moderate,1.045856231743222
3820,36MTD,922462.7512296877,-182258.61745336922,Wetland,moderate,0.7269824901481154
3821,36MTC,928753.0706216183,-224275.10640709678,Wetland,moderate,0.7569655866635655
3822,35MRT,861579.9999791873,-245940.0000302978,Wetland,moderate,0.8765601348968737
3823,35MRT,841419.9999791873,-210100.00003029776,Wetland,moderate,1.0512637151231636
3824,35MRT,906379.9999791873,-266100.0000302978,Wetland,moderate,0.9714197963425061
3825,35MRT,825739.9999791873,-286260.0000302978,Wetland,moderate,0.6775670824268715
3826,35MRT,857099.9999791873,-228020.0000302978,Wetland,moderate,1.053374319241907
3827,36MTC,924273.0706216183,-208595.10640709675,Wetland,moderate,0.7789607763709235
3828,36MTD,922462.7512296877,-200178.61745336922,Wetland,moderate,0.6805417518670572
3829,36MTD,904542.7512296877,-155378.61745336925,Wetland,moderate,0.8780891713427301
3830,35MRU,910859.9999978954,-154880.00000391336,Wetland,moderate,0.662421303093804
3831,35MRT,832459.9999791873,-239220.0000302978,Wetland,moderate,0.711596355528749
3832,36MTC,924273.0706216183,-222035.10640709678,Wetland,moderate,0.5985149060406434
3833,36MTD,920222.7512296877,-197938.61745336922,Wetland,moderate,0.8145828290359318
3834,35MQT,725719.9999618995,-297460.0000075382,Wetland,moderate,0.9127012516654589
3835,35MRT,850379.9999791873,-225780.0000302978,Wetland,moderate,0.9605211959979961
3836,36MTC,908593.0706216183,-208595.10640709675,Wetland,moderate,1.1374117537404123
3837,36MTC,868273.0706216183,-255635.10640709678,Wetland,moderate,0.5068828578806636
3838,36MTC,910833.0706216183,-262355.1064070968,Wetland,moderate,1.0766554789438323
3839,35MRU,843659.9999978954,-208640.00000391336,Wetland,moderate,0.8900566535151468
3840,35MRU,827979.9999978954,-170560.00000391336,Wetland,moderate,1.158476733924479
3841,35MRU,886219.9999978954,-119040.00000391334,Wetland,moderate,0.6970992850795281
3842,35MRT,906379.9999791873,-268340.0000302978,Wetland,moderate,0.52096250300589
3843,35MRT,875019.9999791873,-254900.0000302978,Wetland,moderate,0.5053577205383688
3844,35MRU,899659.9999978954,-179520.00000391336,Wetland,moderate,1.1872518785089996
3845,36MTD,924702.7512296877,-186738.61745336922,Wetland,moderate,0.559159682143662
3846,35MRT,825739.9999791873,-295220.0000302978,Wetland,moderate,0.8177825013612026
3847,36MTD,904542.7512296877,-153138.61745336925,Wetland,moderate,0.9007356864615027
3848,35MRT,868299.9999791873,-243700.0000302978,Wetland,moderate,0.990731164546323
3849,35MRU,863819.9999978954,-132480.00000391336,Wetland,moderate,0.6902164900862933
3850,35MRT,819019.9999791873,-304180.0000302978,Wetland,moderate,0.9722470118108477
3851,35MRU,819019.9999978954,-161600.00000391336,Wetland,moderate,1.1544697805453785
3852,36MTD,893342.7512296877,-168818.61745336925,Wetland,moderate,1.0885452581229598
3853,35MRU,834699.9999978954,-157120.00000391336,Wetland,moderate,0.7214119810512301
3854,36MTD,895582.7512296877,-166578.61745336925,Wetland,complex,1.2382520875926852
3855,36MTC,919793.0706216183,-264595.1064070968,Wetland,complex,1.5859870300796002
3856,36MTD,904542.7512296877,-202418.61745336922,Wetland,complex,1.4060103235571577
3857,35MRT,892939.9999791873,-266100.0000302978,Wetland,complex,1.4170000925641102
3858,35MRU,832459.9999978954,-186240.00000391336,Wetland,complex,1.272218647284146
3859,35MRU,904139.9999978954,-201920.00000391336,Wetland,complex,1.274264911738217
3860,35MRU,816779.9999978954,-152640.00000391336,Wetland,complex,1.2664920664961379
3861,35MRU,906379.9999978954,-204160.00000391336,Wetland,complex,1.3667633143337405
3862,35MRT,830219.9999791873,-275060.0000302978,Wetland,complex,1.283062635988237
3863,35MRU,901899.9999978954,-186240.00000391336,Wetland,complex,1.2166360933249425
3864,35MRT,904139.9999791873,-201140.00003029776,Wetland,complex,1.2316776771575473
3865,35MRT,863819.9999791873,-250420.0000302978,Wetland,complex,1.2300690530349665
3866,36MTD,909022.7512296877,-209138.61745336922,Wetland,complex,1.26511616074567
3867,35MRT,836939.9999791873,-228020.0000302978,Wetland,complex,1.3060913880602891
3868,36MTD,904542.7512296877,-200178.61745336922,Wetland,complex,1.3100220013094606
3869,35MRT,832459.9999791873,-214580.00003029776,Wetland,complex,1.2253008205420877
3870,36MTC,904113.0706216183,-201875.10640709675,Wetland,complex,1.2726129320748731
3871,36MTC,886193.0706216183,-260115.10640709678,Wetland,complex,1.4309126611063636
3872,35MRU,819019.9999978954,-163840.00000391336,Wetland,complex,1.3141478738102417
3873,36MTD,906782.7512296877,-204658.61745336922,Wetland,complex,1.424616930407055
3874,35MRU,816779.9999978954,-157120.00000391336,Wetland,complex,1.4730758410405294
3875,35MRT,886219.9999791873,-261620.0000302978,Wetland,complex,1.2437109504779174
3876,35MRU,816779.9999978954,-154880.00000391336,Wetland,complex,1.309850785958431
3877,35MRU,839179.9999978954,-163840.00000391336,Wetland,complex,1.3001779900514214
3878,36MTD,895582.7512296877,-162098.61745336925,Wetland,complex,1.2563730017745578
3879,35MRU,836939.9999978954,-163840.00000391336,Wetland,complex,1.3341635264556577
3880,35MRT,888459.9999791873,-263860.0000302978,Wetland,complex,1.272517709013849
3881,35MQT,739159.9999618995,-254900.0000075382,Wetland,complex,1.6043554683466892
3882,36MTD,900062.7512296877,-180018.61745336922,Wetland,complex,1.2733462761302592
3883,35MRU,868299.9999978954,-145920.00000391336,Wetland,complex,1.2469189521391921
3884,36MTC,888433.0706216183,-262355.1064070968,Wetland,complex,1.2911253400228042
3885,35MRT,834699.9999791873,-216820.00003029776,Wetland,complex,1.2044110069687126
3886,35MRU,892939.9999978954,-132480.00000391336,Wetland,complex,1.3057804417149868
3887,36MTC,906353.0706216183,-204115.10640709675,Wetland,complex,1.350409578589625
3888,35MQT,745879.9999618995,-290740.0000075382,Wetland,complex,1.2941724413877063
3889,35MRU,825739.9999978954,-175040.00000391336,Wetland,complex,1.3234580271665548
3890,35MQU,781719.9999682134,-179520.00004559453,Wetland,complex,1.2298785082449877
3891,36MTC,915313.0706216183,-230995.10640709678,Wetland,complex,1.2071287917543405
3892,36MTC,892913.0706216183,-266835.1064070968,Wetland,complex,1.2204193989995082
3893,35MRU,830219.9999978954,-184000.00000391336,Wetland,complex,1.337332734833141
3894,36MTC,922033.0706216183,-213075.10640709675,Wetland,complex,1.3563467877419382
3895,35MRT,886219.9999791873,-259380.0000302978,Wetland,complex,1.4640439249110258
3896,35MRU,825739.9999978954,-170560.00000391336,Wetland,complex,1.2357632588459726
3897,35MRU,819019.9999978954,-172800.00000391336,Wetland,complex,1.345307869745671
3898,36MTD,915742.7512296877,-162098.61745336925,Wetland,complex,1.207038177083057
3899,35MRU,819019.9999978954,-159360.00000391336,Wetland,complex,1.4112892743176348
3900,35MRT,859339.9999791873,-228020.0000302978,Wetland,complex,1.2606287451290332
3901,36MTD,873182.7512296876,-171058.61745336925,Wetland,complex,1.2699504753133997
3902,35MRU,816779.9999978954,-159360.00000391336,Wetland,complex,1.2578681030629313
3903,35MRU,872779.9999978954,-170560.00000391336,Wetland,complex,1.2650806041790044
3904,36MTC,913073.0706216183,-260115.10640709678,Wetland,complex,1.25797266532259
